2026-09-15 20:12:48,399 1 INFO ? odoo: Odoo version 19.0-20260817 
2026-09-15 20:12:48,399 1 INFO ? odoo: Using configuration file at /etc/odoo/odoo.conf 
2026-09-15 20:12:48,399 1 INFO ? odoo: addons paths: _NamespacePath(['/usr/lib/python3/dist-packages/odoo/addons', '/tmp/odoo-data/addons/19.0', '/mnt/extra-addons', '/usr/lib/python3/dist-packages/addons']) 
2026-09-15 20:12:48,399 1 INFO ? odoo: database: odoo@workflow-lab-b1a92252ce-pg:default 
2026-09-15 20:12:48,699 1 INFO ? odoo.service.server: HTTP service (werkzeug) running on localhost:8069 
2026-09-15 20:12:48,716 1 INFO workflow_witness odoo.tests.common: Importing test framework 
2026-09-15 20:12:48,736 1 INFO workflow_witness odoo.modules.loading: Initializing database workflow_witness 
2026-09-15 20:12:49,650 1 WARNING workflow_witness odoo.modules.module: Missing `author` key in manifest for 'workflow_case', defaulting to '' 
2026-09-15 20:12:49,651 1 WARNING workflow_witness odoo.modules.module: Missing `author` key in manifest for 'workflow_case', defaulting to '' 
2026-09-15 20:12:49,651 1 WARNING workflow_witness odoo.modules.module: Missing `author` key in manifest for 'workflow_oracle', defaulting to '' 
2026-09-15 20:12:49,652 1 WARNING workflow_witness odoo.modules.module: Missing `author` key in manifest for 'workflow_oracle', defaulting to '' 
2026-09-15 20:12:49,664 1 INFO workflow_witness odoo.modules.loading: loading 1 modules... 
2026-09-15 20:12:49,664 1 INFO workflow_witness odoo.modules.loading: Loading module base (1/1) 
2026-09-15 20:12:49,687 1 INFO workflow_witness odoo.registry: module base: creating or updating database tables 
2026-09-15 20:12:49,882 1 INFO workflow_witness odoo.models: Prepare computation of ir.module.module.menus_by_module 
2026-09-15 20:12:49,882 1 INFO workflow_witness odoo.models: Prepare computation of ir.module.module.reports_by_module 
2026-09-15 20:12:49,882 1 INFO workflow_witness odoo.models: Prepare computation of ir.module.module.views_by_module 
2026-09-15 20:12:49,946 1 INFO workflow_witness odoo.models: Prepare computation of res.partner.user_id 
2026-09-15 20:12:49,946 1 INFO workflow_witness odoo.models: Prepare computation of res.partner.commercial_partner_id 
2026-09-15 20:12:49,946 1 INFO workflow_witness odoo.models: Prepare computation of res.partner.complete_name 
2026-09-15 20:12:49,946 1 INFO workflow_witness odoo.models: Prepare computation of res.partner.lang 
2026-09-15 20:12:49,946 1 INFO workflow_witness odoo.models: Prepare computation of res.partner.company_registry 
2026-09-15 20:12:49,946 1 INFO workflow_witness odoo.models: Prepare computation of res.partner.commercial_company_name 
2026-09-15 20:12:49,946 1 INFO workflow_witness odoo.models: Prepare computation of res.partner.properties 
2026-09-15 20:12:49,946 1 INFO workflow_witness odoo.models: Prepare computation of res.partner.partner_share 
2026-09-15 20:12:49,967 1 INFO workflow_witness odoo.models: Prepare computation of res.currency.decimal_places 
2026-09-15 20:12:49,982 1 INFO workflow_witness odoo.models: Prepare computation of res.company.uses_default_logo 
2026-09-15 20:12:49,982 1 INFO workflow_witness odoo.models: Prepare computation of res.company.logo_web 
2026-09-15 20:12:49,983 1 INFO workflow_witness odoo.models: Computing parent_path for table res_company... 
2026-09-15 20:12:50,000 1 INFO workflow_witness odoo.models: Prepare computation of res.users.signature 
2026-09-15 20:12:50,000 1 INFO workflow_witness odoo.models: Prepare computation of res.users.share 
2026-09-15 20:12:51,011 1 INFO workflow_witness odoo.modules.loading: loading base/data/res_bank.xml 
2026-09-15 20:12:51,015 1 INFO workflow_witness odoo.modules.loading: loading base/data/res.lang.csv 
2026-09-15 20:12:51,046 1 INFO workflow_witness odoo.modules.loading: loading base/data/res_lang_data.xml 
2026-09-15 20:12:51,080 1 INFO workflow_witness odoo.modules.loading: loading base/data/res_partner_data.xml 
2026-09-15 20:12:51,124 1 INFO workflow_witness odoo.modules.loading: loading base/data/res_currency_data.xml 
2026-09-15 20:12:51,474 1 INFO workflow_witness odoo.modules.loading: loading base/data/res_company_data.xml 
2026-09-15 20:12:51,480 1 INFO workflow_witness odoo.modules.loading: loading base/data/res_users_data.xml 
2026-09-15 20:12:52,438 1 INFO workflow_witness odoo.modules.loading: loading base/data/report_paperformat_data.xml 
2026-09-15 20:12:52,445 1 INFO workflow_witness odoo.modules.loading: loading base/data/res_country_data.xml 
2026-09-15 20:12:52,931 1 INFO workflow_witness odoo.modules.loading: loading base/data/ir_demo_data.xml 
2026-09-15 20:12:52,947 1 INFO workflow_witness odoo.modules.loading: loading base/security/base_groups.xml 
2026-09-15 20:12:53,180 1 INFO workflow_witness odoo.modules.loading: loading base/security/base_security.xml 
2026-09-15 20:12:53,527 1 INFO workflow_witness odoo.modules.loading: loading base/wizard/wizard_ir_model_menu_create_views.xml 
2026-09-15 20:12:53,551 1 INFO workflow_witness odoo.modules.loading: loading base/views/base_menus.xml 
2026-09-15 20:12:53,643 1 INFO workflow_witness odoo.modules.loading: loading base/views/decimal_precision_views.xml 
2026-09-15 20:12:53,668 1 INFO workflow_witness odoo.modules.loading: loading base/views/res_config_views.xml 
2026-09-15 20:12:53,678 1 INFO workflow_witness odoo.modules.loading: loading base/data/res.country.state.csv 
2026-09-15 20:12:54,443 1 INFO workflow_witness odoo.modules.loading: loading base/views/ir_actions_views.xml 
2026-09-15 20:12:54,648 1 INFO workflow_witness odoo.modules.loading: loading base/views/ir_asset_views.xml 
2026-09-15 20:12:54,665 1 INFO workflow_witness odoo.modules.loading: loading base/views/ir_config_parameter_views.xml 
2026-09-15 20:12:54,683 1 INFO workflow_witness odoo.modules.loading: loading base/views/ir_cron_views.xml 
2026-09-15 20:12:54,712 1 INFO workflow_witness odoo.modules.loading: loading base/views/ir_cron_trigger_views.xml 
2026-09-15 20:12:54,730 1 INFO workflow_witness odoo.modules.loading: loading base/views/ir_filters_views.xml 
2026-09-15 20:12:54,754 1 INFO workflow_witness odoo.modules.loading: loading base/views/ir_mail_server_views.xml 
2026-09-15 20:12:54,775 1 INFO workflow_witness odoo.modules.loading: loading base/views/ir_model_views.xml 
2026-09-15 20:12:55,001 1 INFO workflow_witness odoo.modules.loading: loading base/views/ir_attachment_views.xml 
2026-09-15 20:12:55,038 1 INFO workflow_witness odoo.modules.loading: loading base/views/ir_rule_views.xml 
2026-09-15 20:12:55,072 1 INFO workflow_witness odoo.modules.loading: loading base/views/ir_sequence_views.xml 
2026-09-15 20:12:55,111 1 INFO workflow_witness odoo.modules.loading: loading base/views/ir_ui_menu_views.xml 
2026-09-15 20:12:55,149 1 INFO workflow_witness odoo.modules.loading: loading base/views/ir_ui_view_views.xml 
2026-09-15 20:12:55,234 1 INFO workflow_witness odoo.modules.loading: loading base/views/ir_default_views.xml 
2026-09-15 20:12:55,267 1 INFO workflow_witness odoo.modules.loading: loading base/data/ir_config_parameter_data.xml 
2026-09-15 20:12:55,271 1 INFO workflow_witness odoo.modules.loading: loading base/data/ir_cron_data.xml 
2026-09-15 20:12:55,293 1 INFO workflow_witness odoo.modules.loading: loading base/report/ir_model_report.xml 
2026-09-15 20:12:55,299 1 INFO workflow_witness odoo.modules.loading: loading base/report/ir_model_templates.xml 
2026-09-15 20:12:55,314 1 INFO workflow_witness odoo.modules.loading: loading base/views/ir_logging_views.xml 
2026-09-15 20:12:55,346 1 INFO workflow_witness odoo.modules.loading: loading base/views/ir_qweb_widget_templates.xml 
2026-09-15 20:12:55,369 1 INFO workflow_witness odoo.modules.loading: loading base/views/ir_module_views.xml 
2026-09-15 20:12:55,451 1 INFO workflow_witness odoo.modules.loading: loading base/data/ir_module_category_data.xml 
2026-09-15 20:12:55,507 1 INFO workflow_witness odoo.modules.loading: loading base/data/ir_module_module.xml 
2026-09-15 20:12:55,612 1 INFO workflow_witness odoo.modules.loading: loading base/report/ir_module_reports.xml 
2026-09-15 20:12:55,617 1 INFO workflow_witness odoo.modules.loading: loading base/report/ir_module_report_templates.xml 
2026-09-15 20:12:55,628 1 INFO workflow_witness odoo.modules.loading: loading base/wizard/base_module_update_views.xml 
2026-09-15 20:12:55,648 1 INFO workflow_witness odoo.modules.loading: loading base/wizard/base_language_install_views.xml 
2026-09-15 20:12:55,671 1 INFO workflow_witness odoo.modules.loading: loading base/wizard/base_import_language_views.xml 
2026-09-15 20:12:55,687 1 INFO workflow_witness odoo.modules.loading: loading base/wizard/base_module_upgrade_views.xml 
2026-09-15 20:12:55,711 1 INFO workflow_witness odoo.modules.loading: loading base/wizard/base_module_uninstall_views.xml 
2026-09-15 20:12:55,725 1 INFO workflow_witness odoo.modules.loading: loading base/wizard/base_export_language_views.xml 
2026-09-15 20:12:55,744 1 INFO workflow_witness odoo.modules.loading: loading base/wizard/base_partner_merge_views.xml 
2026-09-15 20:12:55,766 1 INFO workflow_witness odoo.modules.loading: loading base/data/ir_demo_failure_data.xml 
2026-09-15 20:12:55,789 1 INFO workflow_witness odoo.modules.loading: loading base/views/ir_profile_views.xml 
2026-09-15 20:12:55,822 1 INFO workflow_witness odoo.modules.loading: loading base/views/res_company_views.xml 
2026-09-15 20:12:55,855 1 INFO workflow_witness odoo.modules.loading: loading base/views/res_lang_views.xml 
2026-09-15 20:12:55,884 1 INFO workflow_witness odoo.modules.loading: loading base/views/res_partner_views.xml 
2026-09-15 20:12:56,013 1 INFO workflow_witness odoo.modules.loading: loading base/views/res_bank_views.xml 
2026-09-15 20:12:56,058 1 INFO workflow_witness odoo.modules.loading: loading base/views/res_country_views.xml 
2026-09-15 20:12:56,120 1 INFO workflow_witness odoo.modules.loading: loading base/views/res_currency_views.xml 
2026-09-15 20:12:56,176 1 INFO workflow_witness odoo.modules.loading: loading base/views/res_groups_views.xml 
2026-09-15 20:12:56,241 1 INFO workflow_witness odoo.modules.loading: loading base/views/res_users_views.xml 
2026-09-15 20:12:56,378 1 INFO workflow_witness odoo.modules.loading: loading base/views/res_users_apikeys_views.xml 
2026-09-15 20:12:56,387 1 INFO workflow_witness odoo.modules.loading: loading base/views/res_device_views.xml 
2026-09-15 20:12:56,419 1 INFO workflow_witness odoo.modules.loading: loading base/views/res_users_identitycheck_views.xml 
2026-09-15 20:12:56,430 1 INFO workflow_witness odoo.modules.loading: loading base/views/res_config_settings_views.xml 
2026-09-15 20:12:56,441 1 INFO workflow_witness odoo.modules.loading: loading base/views/report_paperformat_views.xml 
2026-09-15 20:12:56,476 1 INFO workflow_witness odoo.modules.loading: loading base/security/ir.model.access.csv 
2026-09-15 20:12:56,571 1 INFO workflow_witness odoo.addons.base.models.ir_module: module base: loading translation file /usr/lib/python3/dist-packages/odoo/addons/base/i18n/fr.po for language fr_FR 
2026-09-15 20:12:57,590 1 INFO workflow_witness odoo.modules.loading: Module base loaded in 7.93s, 8489 queries (+8489 other) 
2026-09-15 20:12:57,590 1 INFO workflow_witness odoo.modules.loading: 1 modules loaded in 7.93s, 8489 queries (+8489 extra) 
2026-09-15 20:12:57,614 1 INFO workflow_witness odoo.addons.base.models.ir_module: module base: loading translation file /usr/lib/python3/dist-packages/odoo/addons/base/i18n/fr.po for language fr_FR 
2026-09-15 20:12:59,367 1 INFO workflow_witness odoo.modules.loading: updating modules list 
2026-09-15 20:12:59,367 1 INFO workflow_witness odoo.addons.base.models.ir_module: ALLOW access to module.update_list on [] to user __system__ #1 via n/a 
2026-09-15 20:13:00,254 1 WARNING workflow_witness odoo.modules.module: Missing `author` key in manifest for 'workflow_case', defaulting to '' 
2026-09-15 20:13:00,255 1 WARNING workflow_witness odoo.modules.module: Missing `author` key in manifest for 'workflow_oracle', defaulting to '' 
2026-09-15 20:13:00,260 1 INFO workflow_witness odoo.addons.base.models.ir_module: ALLOW access to module.button_install on ['Independent synthetic workflow oracle'] to user __system__ #1 via n/a 
2026-09-15 20:13:00,393 1 INFO workflow_witness odoo.modules.loading: loading 56 modules... 
2026-09-15 20:13:00,393 1 INFO workflow_witness odoo.modules.loading: Loading module rpc (2/56) 
2026-09-15 20:13:00,404 1 INFO workflow_witness odoo.addons.base.models.ir_module: module rpc: no translation for language fr_FR 
2026-09-15 20:13:00,409 1 INFO workflow_witness odoo.modules.loading: Module rpc loaded in 0.02s, 9 queries (+9 other) 
2026-09-15 20:13:00,409 1 INFO workflow_witness odoo.modules.loading: Loading module uom (3/56) 
2026-09-15 20:13:00,413 1 INFO workflow_witness odoo.registry: module uom: creating or updating database tables 
2026-09-15 20:13:00,445 1 INFO workflow_witness odoo.modules.loading: loading uom/data/uom_data.xml 
2026-09-15 20:13:00,504 1 INFO workflow_witness odoo.modules.loading: loading uom/security/uom_security.xml 
2026-09-15 20:13:00,506 1 INFO workflow_witness odoo.modules.loading: loading uom/security/ir.model.access.csv 
2026-09-15 20:13:00,514 1 INFO workflow_witness odoo.modules.loading: loading uom/views/uom_uom_views.xml 
2026-09-15 20:13:00,540 1 INFO workflow_witness odoo.addons.base.models.ir_module: module uom: loading translation file /usr/lib/python3/dist-packages/odoo/addons/uom/i18n/fr.po for language fr_FR 
2026-09-15 20:13:00,561 1 INFO workflow_witness odoo.modules.loading: Module uom loaded in 0.15s, 243 queries (+243 other) 
2026-09-15 20:13:00,561 1 INFO workflow_witness odoo.modules.loading: Loading module web (4/56) 
2026-09-15 20:13:00,588 1 INFO workflow_witness odoo.registry: module web: creating or updating database tables 
2026-09-15 20:13:01,172 1 INFO workflow_witness odoo.modules.loading: loading web/security/ir.model.access.csv 
2026-09-15 20:13:01,182 1 INFO workflow_witness odoo.modules.loading: loading web/security/web_security.xml 
2026-09-15 20:13:01,198 1 INFO workflow_witness odoo.modules.loading: loading web/views/webclient_templates.xml 
2026-09-15 20:13:01,262 1 INFO workflow_witness odoo.modules.loading: loading web/views/report_templates.xml 
2026-09-15 20:13:01,349 1 INFO workflow_witness odoo.modules.loading: loading web/views/base_document_layout_views.xml 
2026-09-15 20:13:01,362 1 INFO workflow_witness odoo.modules.loading: loading web/views/partner_view.xml 
2026-09-15 20:13:01,370 1 INFO workflow_witness odoo.modules.loading: loading web/views/speedscope_template.xml 
2026-09-15 20:13:01,378 1 INFO workflow_witness odoo.modules.loading: loading web/views/memory_template.xml 
2026-09-15 20:13:01,385 1 INFO workflow_witness odoo.modules.loading: loading web/views/speedscope_config_wizard.xml 
2026-09-15 20:13:01,395 1 INFO workflow_witness odoo.modules.loading: loading web/views/neutralize_views.xml 
2026-09-15 20:13:01,408 1 INFO workflow_witness odoo.modules.loading: loading web/views/ir_ui_view_views.xml 
2026-09-15 20:13:01,422 1 INFO workflow_witness odoo.modules.loading: loading web/data/ir_attachment.xml 
2026-09-15 20:13:01,428 1 INFO workflow_witness odoo.modules.loading: loading web/data/report_layout.xml 
2026-09-15 20:13:01,472 1 INFO workflow_witness odoo.addons.base.models.ir_module: module web: loading translation file /usr/lib/python3/dist-packages/odoo/addons/web/i18n/fr.po for language fr_FR 
2026-09-15 20:13:01,770 1 INFO workflow_witness odoo.modules.loading: Module web loaded in 1.21s, 1254 queries (+1254 other) 
2026-09-15 20:13:01,770 1 INFO workflow_witness odoo.modules.loading: Loading module api_doc (5/56) 
2026-09-15 20:13:01,779 1 INFO workflow_witness odoo.registry: module api_doc: creating or updating database tables 
2026-09-15 20:13:01,804 1 INFO workflow_witness odoo.modules.loading: loading api_doc/security/res_groups.xml 
2026-09-15 20:13:01,832 1 INFO workflow_witness odoo.modules.loading: loading api_doc/views/docclient.xml 
2026-09-15 20:13:01,845 1 INFO workflow_witness odoo.addons.base.models.ir_module: module api_doc: no translation for language fr_FR 
2026-09-15 20:13:01,859 1 INFO workflow_witness odoo.modules.loading: Module api_doc loaded in 0.09s, 63 queries (+63 other) 
2026-09-15 20:13:01,859 1 INFO workflow_witness odoo.modules.loading: Loading module auth_totp (6/56) 
2026-09-15 20:13:01,882 1 INFO workflow_witness odoo.registry: module auth_totp: creating or updating database tables 
2026-09-15 20:13:01,971 1 INFO workflow_witness odoo.modules.loading: loading auth_totp/security/security.xml 
2026-09-15 20:13:01,991 1 INFO workflow_witness odoo.modules.loading: loading auth_totp/security/ir.model.access.csv 
2026-09-15 20:13:01,998 1 INFO workflow_witness odoo.modules.loading: loading auth_totp/data/ir_action_data.xml 
2026-09-15 20:13:02,005 1 INFO workflow_witness odoo.modules.loading: loading auth_totp/views/res_users_views.xml 
2026-09-15 20:13:02,032 1 INFO workflow_witness odoo.modules.loading: loading auth_totp/views/templates.xml 
2026-09-15 20:13:02,037 1 INFO workflow_witness odoo.modules.loading: loading auth_totp/wizard/auth_totp_wizard_views.xml 
2026-09-15 20:13:02,049 1 INFO workflow_witness odoo.addons.base.models.ir_module: module auth_totp: loading translation file /usr/lib/python3/dist-packages/odoo/addons/auth_totp/i18n/fr.po for language fr_FR 
2026-09-15 20:13:02,074 1 INFO workflow_witness odoo.modules.loading: Module auth_totp loaded in 0.21s, 226 queries (+226 other) 
2026-09-15 20:13:02,074 1 INFO workflow_witness odoo.modules.loading: Loading module barcodes (7/56) 
2026-09-15 20:13:02,080 1 INFO workflow_witness odoo.registry: module barcodes: creating or updating database tables 
2026-09-15 20:13:02,141 1 INFO workflow_witness odoo.modules.loading: loading barcodes/data/barcodes_data.xml 
2026-09-15 20:13:02,147 1 INFO workflow_witness odoo.modules.loading: loading barcodes/views/barcodes_view.xml 
2026-09-15 20:13:02,168 1 INFO workflow_witness odoo.modules.loading: loading barcodes/security/ir.model.access.csv 
2026-09-15 20:13:02,177 1 INFO workflow_witness odoo.addons.base.models.ir_module: module barcodes: loading translation file /usr/lib/python3/dist-packages/odoo/addons/barcodes/i18n/fr.po for language fr_FR 
2026-09-15 20:13:02,196 1 INFO workflow_witness odoo.modules.loading: Module barcodes loaded in 0.12s, 160 queries (+160 other) 
2026-09-15 20:13:02,196 1 INFO workflow_witness odoo.modules.loading: Loading module base_import (8/56) 
2026-09-15 20:13:02,228 1 INFO workflow_witness odoo.registry: module base_import: creating or updating database tables 
2026-09-15 20:13:02,876 1 INFO workflow_witness odoo.modules.loading: loading base_import/security/ir.model.access.csv 
2026-09-15 20:13:02,891 1 INFO workflow_witness odoo.addons.base.models.ir_module: module base_import: loading translation file /usr/lib/python3/dist-packages/odoo/addons/base_import/i18n/fr.po for language fr_FR 
2026-09-15 20:13:02,909 1 INFO workflow_witness odoo.modules.loading: Module base_import loaded in 0.71s, 983 queries (+983 other) 
2026-09-15 20:13:02,909 1 INFO workflow_witness odoo.modules.loading: Loading module base_import_module (9/56) 
2026-09-15 20:13:02,918 1 INFO workflow_witness odoo.registry: module base_import_module: creating or updating database tables 
2026-09-15 20:13:03,013 1 INFO workflow_witness odoo.modules.loading: loading base_import_module/security/ir.model.access.csv 
2026-09-15 20:13:03,021 1 INFO workflow_witness odoo.modules.loading: loading base_import_module/views/base_import_module_view.xml 
2026-09-15 20:13:03,049 1 INFO workflow_witness odoo.modules.loading: loading base_import_module/views/ir_module_views.xml 
2026-09-15 20:13:03,104 1 INFO workflow_witness odoo.addons.base.models.ir_module: module base_import_module: loading translation file /usr/lib/python3/dist-packages/odoo/addons/base_import_module/i18n/fr.po for language fr_FR 
2026-09-15 20:13:03,136 1 INFO workflow_witness odoo.modules.loading: Module base_import_module loaded in 0.23s, 183 queries (+183 other) 
2026-09-15 20:13:03,136 1 INFO workflow_witness odoo.modules.loading: Loading module base_setup (10/56) 
2026-09-15 20:13:03,147 1 INFO workflow_witness odoo.registry: module base_setup: creating or updating database tables 
2026-09-15 20:13:03,212 1 INFO workflow_witness odoo.modules.loading: loading base_setup/data/base_setup_data.xml 
2026-09-15 20:13:03,219 1 INFO workflow_witness odoo.modules.loading: loading base_setup/views/res_config_settings_views.xml 
2026-09-15 20:13:03,264 1 INFO workflow_witness odoo.modules.loading: loading base_setup/views/res_partner_views.xml 
2026-09-15 20:13:03,282 1 INFO workflow_witness odoo.addons.base.models.ir_module: module base_setup: loading translation file /usr/lib/python3/dist-packages/odoo/addons/base_setup/i18n/fr.po for language fr_FR 
2026-09-15 20:13:03,326 1 INFO workflow_witness odoo.modules.loading: Module base_setup loaded in 0.19s, 162 queries (+162 other) 
2026-09-15 20:13:03,326 1 INFO workflow_witness odoo.modules.loading: Loading module bus (11/56) 
2026-09-15 20:13:03,351 1 INFO workflow_witness odoo.registry: module bus: creating or updating database tables 
2026-09-15 20:13:03,477 1 INFO workflow_witness odoo.modules.loading: loading bus/security/ir.model.access.csv 
2026-09-15 20:13:03,490 1 INFO workflow_witness odoo.addons.base.models.ir_module: module bus: loading translation file /usr/lib/python3/dist-packages/odoo/addons/bus/i18n/fr.po for language fr_FR 
2026-09-15 20:13:03,508 1 INFO workflow_witness odoo.modules.loading: Module bus loaded in 0.18s, 162 queries (+162 other) 
2026-09-15 20:13:03,508 1 INFO workflow_witness odoo.modules.loading: Loading module http_routing (12/56) 
2026-09-15 20:13:03,512 1 INFO workflow_witness odoo.registry: module http_routing: creating or updating database tables 
2026-09-15 20:13:03,541 1 INFO workflow_witness odoo.modules.loading: loading http_routing/views/http_routing_template.xml 
2026-09-15 20:13:03,617 1 INFO workflow_witness odoo.modules.loading: loading http_routing/views/res_lang_views.xml 
2026-09-15 20:13:03,656 1 INFO workflow_witness odoo.addons.base.models.ir_module: module http_routing: loading translation file /usr/lib/python3/dist-packages/odoo/addons/http_routing/i18n/fr.po for language fr_FR 
2026-09-15 20:13:03,679 1 INFO workflow_witness odoo.modules.loading: Module http_routing loaded in 0.17s, 120 queries (+120 other) 
2026-09-15 20:13:03,679 1 INFO workflow_witness odoo.modules.loading: Loading module onboarding (13/56) 
2026-09-15 20:13:03,687 1 INFO workflow_witness odoo.registry: module onboarding: creating or updating database tables 
2026-09-15 20:13:03,820 1 INFO workflow_witness odoo.modules.loading: loading onboarding/views/onboarding_templates.xml 
2026-09-15 20:13:03,842 1 INFO workflow_witness odoo.modules.loading: loading onboarding/views/onboarding_views.xml 
2026-09-15 20:13:03,876 1 INFO workflow_witness odoo.modules.loading: loading onboarding/views/onboarding_menus.xml 
2026-09-15 20:13:03,883 1 INFO workflow_witness odoo.modules.loading: loading onboarding/security/ir.model.access.csv 
2026-09-15 20:13:03,894 1 INFO workflow_witness odoo.addons.base.models.ir_module: module onboarding: loading translation file /usr/lib/python3/dist-packages/odoo/addons/onboarding/i18n/fr.po for language fr_FR 
2026-09-15 20:13:03,977 1 INFO workflow_witness odoo.modules.loading: Module onboarding loaded in 0.30s, 256 queries (+256 other) 
2026-09-15 20:13:03,977 1 INFO workflow_witness odoo.modules.loading: Loading module resource (14/56) 
2026-09-15 20:13:03,988 1 INFO workflow_witness odoo.registry: module resource: creating or updating database tables 
2026-09-15 20:13:04,088 1 INFO workflow_witness odoo.modules.loading: loading resource/data/resource_data.xml 
2026-09-15 20:13:04,103 1 INFO workflow_witness odoo.modules.loading: loading resource/security/ir.model.access.csv 
2026-09-15 20:13:04,113 1 INFO workflow_witness odoo.modules.loading: loading resource/security/resource_security.xml 
2026-09-15 20:13:04,133 1 INFO workflow_witness odoo.modules.loading: loading resource/views/resource_resource_views.xml 
2026-09-15 20:13:04,154 1 INFO workflow_witness odoo.modules.loading: loading resource/views/resource_calendar_leaves_views.xml 
2026-09-15 20:13:04,179 1 INFO workflow_witness odoo.modules.loading: loading resource/views/resource_calendar_attendance_views.xml 
2026-09-15 20:13:04,189 1 INFO workflow_witness odoo.modules.loading: loading resource/views/resource_calendar_views.xml 
2026-09-15 20:13:04,211 1 INFO workflow_witness odoo.modules.loading: loading resource/views/menuitems.xml 
2026-09-15 20:13:04,227 1 INFO workflow_witness odoo.addons.base.models.ir_module: module resource: loading translation file /usr/lib/python3/dist-packages/odoo/addons/resource/i18n/fr.po for language fr_FR 
2026-09-15 20:13:04,263 1 INFO workflow_witness odoo.modules.loading: Module resource loaded in 0.29s, 428 queries (+428 other) 
2026-09-15 20:13:04,263 1 INFO workflow_witness odoo.modules.loading: Loading module web_tour (15/56) 
2026-09-15 20:13:04,270 1 INFO workflow_witness odoo.registry: module web_tour: creating or updating database tables 
2026-09-15 20:13:04,274 1 INFO workflow_witness odoo.models: Prepare computation of res.users.tour_enabled 
2026-09-15 20:13:04,335 1 INFO workflow_witness odoo.modules.loading: loading web_tour/security/ir.model.access.csv 
2026-09-15 20:13:04,341 1 INFO workflow_witness odoo.modules.loading: loading web_tour/views/tour_views.xml 
2026-09-15 20:13:04,369 1 INFO workflow_witness odoo.addons.base.models.ir_module: module web_tour: loading translation file /usr/lib/python3/dist-packages/odoo/addons/web_tour/i18n/fr.po for language fr_FR 
2026-09-15 20:13:04,391 1 INFO workflow_witness odoo.modules.loading: Module web_tour loaded in 0.13s, 192 queries (+192 other) 
2026-09-15 20:13:04,391 1 INFO workflow_witness odoo.modules.loading: Loading module auth_passkey (16/56) 
2026-09-15 20:13:04,421 1 INFO workflow_witness odoo.registry: module auth_passkey: creating or updating database tables 
2026-09-15 20:13:04,477 1 INFO workflow_witness odoo.modules.loading: loading auth_passkey/views/auth_passkey_key_views.xml 
2026-09-15 20:13:04,497 1 INFO workflow_witness odoo.modules.loading: loading auth_passkey/views/auth_passkey_login_templates.xml 
2026-09-15 20:13:04,509 1 INFO workflow_witness odoo.modules.loading: loading auth_passkey/views/res_users_identitycheck_views.xml 
2026-09-15 20:13:04,518 1 INFO workflow_witness odoo.modules.loading: loading auth_passkey/views/res_users_views.xml 
2026-09-15 20:13:04,537 1 INFO workflow_witness odoo.modules.loading: loading auth_passkey/security/ir.model.access.csv 
2026-09-15 20:13:04,544 1 INFO workflow_witness odoo.modules.loading: loading auth_passkey/security/security.xml 
2026-09-15 20:13:04,562 1 INFO workflow_witness odoo.addons.base.models.ir_module: module auth_passkey: loading translation file /usr/lib/python3/dist-packages/odoo/addons/auth_passkey/i18n/fr.po for language fr_FR 
2026-09-15 20:13:04,581 1 INFO workflow_witness odoo.modules.loading: Module auth_passkey loaded in 0.19s, 226 queries (+226 other) 
2026-09-15 20:13:04,581 1 INFO workflow_witness odoo.modules.loading: Loading module barcodes_gs1_nomenclature (17/56) 
2026-09-15 20:13:04,588 1 INFO workflow_witness odoo.registry: module barcodes_gs1_nomenclature: creating or updating database tables 
2026-09-15 20:13:04,629 1 INFO workflow_witness odoo.modules.loading: loading barcodes_gs1_nomenclature/data/barcodes_gs1_rules.xml 
2026-09-15 20:13:04,708 1 INFO workflow_witness odoo.modules.loading: loading barcodes_gs1_nomenclature/views/barcodes_view.xml 
2026-09-15 20:13:04,756 1 INFO workflow_witness odoo.addons.base.models.ir_module: module barcodes_gs1_nomenclature: loading translation file /usr/lib/python3/dist-packages/odoo/addons/barcodes_gs1_nomenclature/i18n/fr.po for language fr_FR 
2026-09-15 20:13:04,776 1 INFO workflow_witness odoo.modules.loading: Module barcodes_gs1_nomenclature loaded in 0.20s, 203 queries (+203 other) 
2026-09-15 20:13:04,777 1 INFO workflow_witness odoo.modules.loading: Loading module html_editor (18/56) 
2026-09-15 20:13:04,896 1 INFO workflow_witness odoo.registry: module html_editor: creating or updating database tables 
2026-09-15 20:13:05,625 1 INFO workflow_witness odoo.modules.loading: loading html_editor/security/ir.model.access.csv 
2026-09-15 20:13:05,639 1 INFO workflow_witness odoo.addons.base.models.ir_module: module html_editor: loading translation file /usr/lib/python3/dist-packages/odoo/addons/html_editor/i18n/fr.po for language fr_FR 
2026-09-15 20:13:05,672 1 INFO workflow_witness odoo.modules.loading: Module html_editor loaded in 0.90s, 1128 queries (+1128 other) 
2026-09-15 20:13:05,672 1 INFO workflow_witness odoo.modules.loading: Loading module iap (19/56) 
2026-09-15 20:13:05,677 1 INFO workflow_witness odoo.registry: module iap: creating or updating database tables 
2026-09-15 20:13:05,762 1 INFO workflow_witness odoo.modules.loading: loading iap/data/services.xml 
2026-09-15 20:13:05,768 1 INFO workflow_witness odoo.modules.loading: loading iap/security/ir.model.access.csv 
2026-09-15 20:13:05,779 1 INFO workflow_witness odoo.modules.loading: loading iap/security/ir_rule.xml 
2026-09-15 20:13:05,789 1 INFO workflow_witness odoo.modules.loading: loading iap/views/iap_views.xml 
2026-09-15 20:13:05,825 1 INFO workflow_witness odoo.modules.loading: loading iap/views/res_config_settings.xml 
2026-09-15 20:13:05,851 1 INFO workflow_witness odoo.addons.base.models.ir_module: module iap: loading translation file /usr/lib/python3/dist-packages/odoo/addons/iap/i18n/fr.po for language fr_FR 
2026-09-15 20:13:05,886 1 INFO workflow_witness odoo.modules.loading: Module iap loaded in 0.21s, 196 queries (+196 other) 
2026-09-15 20:13:05,886 1 INFO workflow_witness odoo.modules.loading: Loading module mail (20/56) 
2026-09-15 20:13:05,968 1 INFO workflow_witness odoo.registry: module mail: creating or updating database tables 
2026-09-15 20:13:06,181 1 INFO workflow_witness odoo.models: Prepare computation of ir.actions.server.partner_ids 
2026-09-15 20:13:06,181 1 INFO workflow_witness odoo.models: Prepare computation of ir.actions.server.activity_user_id 
2026-09-15 20:13:06,181 1 INFO workflow_witness odoo.models: Prepare computation of ir.actions.server.activity_type_id 
2026-09-15 20:13:06,181 1 INFO workflow_witness odoo.models: Prepare computation of ir.actions.server.template_id 
2026-09-15 20:13:06,182 1 INFO workflow_witness odoo.models: Prepare computation of ir.actions.server.activity_date_deadline_range 
2026-09-15 20:13:06,182 1 INFO workflow_witness odoo.models: Prepare computation of ir.actions.server.activity_summary 
2026-09-15 20:13:06,182 1 INFO workflow_witness odoo.models: Prepare computation of ir.actions.server.followers_type 
2026-09-15 20:13:06,182 1 INFO workflow_witness odoo.models: Prepare computation of ir.actions.server.followers_partner_field_name 
2026-09-15 20:13:06,182 1 INFO workflow_witness odoo.models: Prepare computation of ir.actions.server.mail_post_method 
2026-09-15 20:13:06,182 1 INFO workflow_witness odoo.models: Prepare computation of ir.actions.server.activity_date_deadline_range_type 
2026-09-15 20:13:06,182 1 INFO workflow_witness odoo.models: Prepare computation of ir.actions.server.activity_user_type 
2026-09-15 20:13:06,182 1 INFO workflow_witness odoo.models: Prepare computation of ir.actions.server.activity_user_field_name 
2026-09-15 20:13:06,182 1 INFO workflow_witness odoo.models: Prepare computation of ir.actions.server.activity_note 
2026-09-15 20:13:06,182 1 INFO workflow_witness odoo.models: Prepare computation of ir.actions.server.mail_post_autofollow 
2026-09-15 20:13:06,266 1 INFO workflow_witness odoo.models: Prepare computation of res.users.notification_type 
2026-09-15 20:13:06,345 1 INFO workflow_witness odoo.models: Prepare computation of res.partner.email_normalized 
<string>:38: (ERROR/3) Unexpected indentation.
<string>:43: (WARNING/2) Block quote ends without a blank line; unexpected unindent.
2026-09-15 20:13:07,821 1 INFO workflow_witness odoo.modules.loading: loading mail/data/mail_groups.xml 
2026-09-15 20:13:07,857 1 INFO workflow_witness odoo.modules.loading: loading mail/wizard/mail_activity_schedule_views.xml 
2026-09-15 20:13:07,878 1 INFO workflow_witness odoo.modules.loading: loading mail/wizard/mail_blacklist_remove_views.xml 
2026-09-15 20:13:07,888 1 INFO workflow_witness odoo.modules.loading: loading mail/wizard/mail_compose_message_views.xml 
2026-09-15 20:13:07,918 1 INFO workflow_witness odoo.modules.loading: loading mail/wizard/mail_template_preview_views.xml 
2026-09-15 20:13:07,934 1 INFO workflow_witness odoo.modules.loading: loading mail/wizard/mail_followers_edit_views.xml 
2026-09-15 20:13:07,952 1 INFO workflow_witness odoo.modules.loading: loading mail/wizard/mail_template_reset_views.xml 
2026-09-15 20:13:07,967 1 INFO workflow_witness odoo.modules.loading: loading mail/views/fetchmail_views.xml 
2026-09-15 20:13:07,998 1 INFO workflow_witness odoo.modules.loading: loading mail/views/ir_cron_views.xml 
2026-09-15 20:13:08,016 1 INFO workflow_witness odoo.modules.loading: loading mail/views/ir_filters_views.xml 
2026-09-15 20:13:08,043 1 INFO workflow_witness odoo.modules.loading: loading mail/views/ir_mail_server_views.xml 
2026-09-15 20:13:08,060 1 INFO workflow_witness odoo.modules.loading: loading mail/views/mail_message_subtype_views.xml 
2026-09-15 20:13:08,085 1 INFO workflow_witness odoo.modules.loading: loading mail/views/mail_tracking_value_views.xml 
2026-09-15 20:13:08,106 1 INFO workflow_witness odoo.modules.loading: loading mail/views/mail_notification_views.xml 
2026-09-15 20:13:08,126 1 INFO workflow_witness odoo.modules.loading: loading mail/views/mail_message_views.xml 
2026-09-15 20:13:08,176 1 INFO workflow_witness odoo.modules.loading: loading mail/views/mail_message_schedule_views.xml 
2026-09-15 20:13:08,202 1 INFO workflow_witness odoo.modules.loading: loading mail/views/mail_mail_views.xml 
2026-09-15 20:13:08,248 1 INFO workflow_witness odoo.modules.loading: loading mail/views/mail_followers_views.xml 
2026-09-15 20:13:08,269 1 INFO workflow_witness odoo.modules.loading: loading mail/views/mail_ice_server_views.xml 
2026-09-15 20:13:08,306 1 INFO workflow_witness odoo.modules.loading: loading mail/views/discuss_channel_member_views.xml 
2026-09-15 20:13:08,328 1 INFO workflow_witness odoo.modules.loading: loading mail/views/discuss_channel_rtc_session_views.xml 
2026-09-15 20:13:08,357 1 INFO workflow_witness odoo.modules.loading: loading mail/views/mail_link_preview_views.xml 
2026-09-15 20:13:08,390 1 INFO workflow_witness odoo.modules.loading: loading mail/views/discuss/discuss_gif_favorite_views.xml 
2026-09-15 20:13:08,410 1 INFO workflow_witness odoo.modules.loading: loading mail/views/discuss_channel_views.xml 
2026-09-15 20:13:08,466 1 INFO workflow_witness odoo.modules.loading: loading mail/views/mail_canned_response_views.xml 
2026-09-15 20:13:08,507 1 INFO workflow_witness odoo.modules.loading: loading mail/views/res_role_views.xml 
2026-09-15 20:13:08,537 1 INFO workflow_witness odoo.modules.loading: loading mail/views/mail_activity_views.xml 
2026-09-15 20:13:08,708 1 INFO workflow_witness odoo.modules.loading: loading mail/views/mail_activity_plan_views.xml 
2026-09-15 20:13:08,775 1 INFO workflow_witness odoo.modules.loading: loading mail/views/mail_activity_plan_template_views.xml 
2026-09-15 20:13:08,792 1 INFO workflow_witness odoo.modules.loading: loading mail/views/res_config_settings_views.xml 
2026-09-15 20:13:08,836 1 INFO workflow_witness odoo.modules.loading: loading mail/data/ir_config_parameter_data.xml 
2026-09-15 20:13:08,846 1 INFO workflow_witness odoo.modules.loading: loading mail/data/res_partner_data.xml 
2026-09-15 20:13:08,948 1 INFO workflow_witness odoo.modules.loading: loading mail/data/mail_message_subtype_data.xml 
2026-09-15 20:13:08,961 1 INFO workflow_witness odoo.modules.loading: loading mail/data/mail_templates_chatter.xml 
2026-09-15 20:13:08,991 1 INFO workflow_witness odoo.modules.loading: loading mail/data/mail_templates_email_layouts.xml 
2026-09-15 20:13:09,026 1 INFO workflow_witness odoo.modules.loading: loading mail/data/mail_templates_mailgateway.xml 
2026-09-15 20:13:09,056 1 INFO workflow_witness odoo.modules.loading: loading mail/data/discuss_channel_data.xml 
2026-09-15 20:13:09,116 1 INFO workflow_witness odoo.modules.loading: loading mail/data/mail_activity_type_data.xml 
2026-09-15 20:13:09,137 1 INFO workflow_witness odoo.modules.loading: loading mail/data/security_notifications_templates.xml 
2026-09-15 20:13:09,147 1 INFO workflow_witness odoo.modules.loading: loading mail/data/ir_cron_data.xml 
2026-09-15 20:13:09,476 1 INFO workflow_witness odoo.modules.loading: loading mail/data/ir_actions_client.xml 
2026-09-15 20:13:09,484 1 INFO workflow_witness odoo.modules.loading: loading mail/security/mail_security.xml 
2026-09-15 20:13:09,724 1 INFO workflow_witness odoo.modules.loading: loading mail/security/ir.model.access.csv 
2026-09-15 20:13:09,794 1 INFO workflow_witness odoo.modules.loading: loading mail/views/discuss_public_templates.xml 
2026-09-15 20:13:09,803 1 INFO workflow_witness odoo.modules.loading: loading mail/views/mail_alias_domain_views.xml 
2026-09-15 20:13:09,832 1 INFO workflow_witness odoo.modules.loading: loading mail/views/mail_alias_views.xml 
2026-09-15 20:13:09,867 1 INFO workflow_witness odoo.modules.loading: loading mail/views/mail_gateway_allowed_views.xml 
2026-09-15 20:13:09,890 1 INFO workflow_witness odoo.modules.loading: loading mail/views/mail_guest_views.xml 
2026-09-15 20:13:09,912 1 INFO workflow_witness odoo.modules.loading: loading mail/views/mail_message_reaction_views.xml 
2026-09-15 20:13:09,936 1 INFO workflow_witness odoo.modules.loading: loading mail/views/mail_templates_public.xml 
2026-09-15 20:13:09,952 1 INFO workflow_witness odoo.modules.loading: loading mail/views/res_users_views.xml 
2026-09-15 20:13:10,002 1 INFO workflow_witness odoo.modules.loading: loading mail/views/res_users_settings_views.xml 
2026-09-15 20:13:10,021 1 INFO workflow_witness odoo.modules.loading: loading mail/views/mail_template_views.xml 
2026-09-15 20:13:10,047 1 INFO workflow_witness odoo.modules.loading: loading mail/views/ir_actions_server_views.xml 
2026-09-15 20:13:10,068 1 INFO workflow_witness odoo.modules.loading: loading mail/views/ir_model_views.xml 
2026-09-15 20:13:10,107 1 INFO workflow_witness odoo.modules.loading: loading mail/views/res_partner_views.xml 
2026-09-15 20:13:10,166 1 INFO workflow_witness odoo.modules.loading: loading mail/views/mail_blacklist_views.xml 
2026-09-15 20:13:10,199 1 INFO workflow_witness odoo.modules.loading: loading mail/views/mail_menus.xml 
2026-09-15 20:13:10,429 1 INFO workflow_witness odoo.modules.loading: loading mail/views/discuss/discuss_menus.xml 
2026-09-15 20:13:10,437 1 INFO workflow_witness odoo.modules.loading: loading mail/views/discuss/discuss_call_history_views.xml 
2026-09-15 20:13:10,464 1 INFO workflow_witness odoo.modules.loading: loading mail/views/res_company_views.xml 
2026-09-15 20:13:10,482 1 INFO workflow_witness odoo.modules.loading: loading mail/views/mail_scheduled_message_views.xml 
2026-09-15 20:13:10,496 1 INFO workflow_witness odoo.modules.loading: loading mail/data/mail_canned_response_data.xml 
2026-09-15 20:13:10,509 1 INFO workflow_witness odoo.modules.loading: loading mail/data/mail_templates_invite.xml 
2026-09-15 20:13:10,532 1 INFO workflow_witness odoo.modules.loading: loading mail/data/web_tour_tour.xml 
2026-09-15 20:13:10,545 1 INFO workflow_witness odoo.addons.base.models.ir_module: module mail: loading translation file /usr/lib/python3/dist-packages/odoo/addons/mail/i18n/fr.po for language fr_FR 
2026-09-15 20:13:10,926 1 INFO workflow_witness odoo.modules.loading: Module mail loaded in 5.04s, 5098 queries (+5099 other) 
2026-09-15 20:13:10,926 1 INFO workflow_witness odoo.modules.loading: Loading module web_unsplash (21/56) 
2026-09-15 20:13:10,945 1 INFO workflow_witness odoo.registry: module web_unsplash: creating or updating database tables 
2026-09-15 20:13:11,021 1 INFO workflow_witness odoo.modules.loading: loading web_unsplash/views/res_config_settings_view.xml 
2026-09-15 20:13:11,078 1 INFO workflow_witness odoo.addons.base.models.ir_module: module web_unsplash: loading translation file /usr/lib/python3/dist-packages/odoo/addons/web_unsplash/i18n/fr.po for language fr_FR 
2026-09-15 20:13:11,098 1 INFO workflow_witness odoo.modules.loading: Module web_unsplash loaded in 0.17s, 109 queries (+109 other) 
2026-09-15 20:13:11,099 1 INFO workflow_witness odoo.modules.loading: Loading module analytic (22/56) 
2026-09-15 20:13:11,119 1 INFO workflow_witness odoo.registry: module analytic: creating or updating database tables 
2026-09-15 20:13:11,368 1 INFO workflow_witness odoo.modules.loading: loading analytic/security/analytic_security.xml 
2026-09-15 20:13:11,403 1 INFO workflow_witness odoo.modules.loading: loading analytic/security/ir.model.access.csv 
2026-09-15 20:13:11,427 1 INFO workflow_witness odoo.modules.loading: loading analytic/views/analytic_line_views.xml 
2026-09-15 20:13:11,502 1 INFO workflow_witness odoo.modules.loading: loading analytic/views/analytic_account_views.xml 
2026-09-15 20:13:11,562 1 INFO workflow_witness odoo.modules.loading: loading analytic/views/analytic_plan_views.xml 
2026-09-15 20:13:11,598 1 INFO workflow_witness odoo.modules.loading: loading analytic/views/analytic_distribution_model_views.xml 
2026-09-15 20:13:11,622 1 INFO workflow_witness odoo.modules.loading: loading analytic/data/analytic_data.xml 
2026-09-15 20:13:11,662 1 INFO workflow_witness odoo.addons.base.models.ir_module: module analytic: loading translation file /usr/lib/python3/dist-packages/odoo/addons/analytic/i18n/fr.po for language fr_FR 
2026-09-15 20:13:11,723 1 INFO workflow_witness odoo.modules.loading: Module analytic loaded in 0.62s, 442 queries (+442 other) 
2026-09-15 20:13:11,723 1 INFO workflow_witness odoo.modules.loading: Loading module auth_signup (23/56) 
2026-09-15 20:13:11,748 1 INFO workflow_witness odoo.registry: module auth_signup: creating or updating database tables 
2026-09-15 20:13:11,872 1 INFO workflow_witness odoo.modules.loading: loading auth_signup/data/ir_config_parameter_data.xml 
2026-09-15 20:13:11,879 1 INFO workflow_witness odoo.modules.loading: loading auth_signup/data/ir_cron_data.xml 
2026-09-15 20:13:11,920 1 INFO workflow_witness odoo.modules.loading: loading auth_signup/data/mail_template_data.xml 
2026-09-15 20:13:12,066 1 INFO workflow_witness odoo.modules.loading: loading auth_signup/views/res_config_settings_views.xml 
2026-09-15 20:13:12,095 1 INFO workflow_witness odoo.modules.loading: loading auth_signup/views/res_users_views.xml 
2026-09-15 20:13:12,146 1 INFO workflow_witness odoo.modules.loading: loading auth_signup/views/auth_signup_login_templates.xml 
2026-09-15 20:13:12,187 1 INFO workflow_witness odoo.modules.loading: loading auth_signup/views/auth_signup_templates_email.xml 
2026-09-15 20:13:12,200 1 INFO workflow_witness odoo.modules.loading: loading auth_signup/views/webclient_templates.xml 
2026-09-15 20:13:12,218 1 INFO workflow_witness odoo.addons.base.models.ir_module: module auth_signup: loading translation file /usr/lib/python3/dist-packages/odoo/addons/auth_signup/i18n/fr.po for language fr_FR 
2026-09-15 20:13:12,325 1 INFO workflow_witness odoo.modules.loading: Module auth_signup loaded in 0.60s, 269 queries (+269 other) 
2026-09-15 20:13:12,325 1 INFO workflow_witness odoo.modules.loading: Loading module auth_totp_mail (24/56) 
2026-09-15 20:13:12,349 1 INFO workflow_witness odoo.registry: module auth_totp_mail: creating or updating database tables 
2026-09-15 20:13:12,437 1 INFO workflow_witness odoo.modules.loading: loading auth_totp_mail/data/ir_action_data.xml 
2026-09-15 20:13:12,496 1 INFO workflow_witness odoo.modules.loading: loading auth_totp_mail/data/mail_template_data.xml 
2026-09-15 20:13:12,562 1 INFO workflow_witness odoo.modules.loading: loading auth_totp_mail/data/security_notifications_template.xml 
2026-09-15 20:13:12,577 1 INFO workflow_witness odoo.modules.loading: loading auth_totp_mail/views/res_config_settings_views.xml 
2026-09-15 20:13:12,616 1 INFO workflow_witness odoo.modules.loading: loading auth_totp_mail/views/res_users_views.xml 
2026-09-15 20:13:12,661 1 INFO workflow_witness odoo.modules.loading: loading auth_totp_mail/views/templates.xml 
2026-09-15 20:13:12,679 1 INFO workflow_witness odoo.addons.base.models.ir_module: module auth_totp_mail: loading translation file /usr/lib/python3/dist-packages/odoo/addons/auth_totp_mail/i18n/fr.po for language fr_FR 
2026-09-15 20:13:12,751 1 INFO workflow_witness odoo.modules.loading: Module auth_totp_mail loaded in 0.43s, 202 queries (+202 other) 
2026-09-15 20:13:12,751 1 INFO workflow_witness odoo.modules.loading: Loading module base_install_request (25/56) 
2026-09-15 20:13:12,762 1 INFO workflow_witness odoo.registry: module base_install_request: creating or updating database tables 
2026-09-15 20:13:12,867 1 INFO workflow_witness odoo.modules.loading: loading base_install_request/security/ir.model.access.csv 
2026-09-15 20:13:12,883 1 INFO workflow_witness odoo.modules.loading: loading base_install_request/wizard/base_module_install_request_views.xml 
2026-09-15 20:13:12,918 1 INFO workflow_witness odoo.modules.loading: loading base_install_request/data/mail_template_data.xml 
2026-09-15 20:13:12,929 1 INFO workflow_witness odoo.modules.loading: loading base_install_request/data/mail_templates_module_install.xml 
2026-09-15 20:13:12,938 1 INFO workflow_witness odoo.modules.loading: loading base_install_request/views/ir_module_module_views.xml 
2026-09-15 20:13:12,981 1 INFO workflow_witness odoo.addons.base.models.ir_module: module base_install_request: loading translation file /usr/lib/python3/dist-packages/odoo/addons/base_install_request/i18n/fr.po for language fr_FR 
2026-09-15 20:13:13,011 1 INFO workflow_witness odoo.modules.loading: Module base_install_request loaded in 0.26s, 164 queries (+164 other) 
2026-09-15 20:13:13,011 1 INFO workflow_witness odoo.modules.loading: Loading module google_gmail (26/56) 
2026-09-15 20:13:13,035 1 INFO workflow_witness odoo.registry: module google_gmail: creating or updating database tables 
2026-09-15 20:13:13,124 1 INFO workflow_witness odoo.modules.loading: loading google_gmail/views/fetchmail_server_views.xml 
2026-09-15 20:13:13,154 1 INFO workflow_witness odoo.modules.loading: loading google_gmail/views/ir_mail_server_views.xml 
2026-09-15 20:13:13,177 1 INFO workflow_witness odoo.modules.loading: loading google_gmail/views/res_config_settings_views.xml 
2026-09-15 20:13:13,212 1 INFO workflow_witness odoo.modules.loading: loading google_gmail/views/templates.xml 
2026-09-15 20:13:13,227 1 INFO workflow_witness odoo.addons.base.models.ir_module: module google_gmail: loading translation file /usr/lib/python3/dist-packages/odoo/addons/google_gmail/i18n/fr.po for language fr_FR 
2026-09-15 20:13:13,257 1 INFO workflow_witness odoo.modules.loading: Module google_gmail loaded in 0.25s, 163 queries (+163 other) 
2026-09-15 20:13:13,257 1 INFO workflow_witness odoo.modules.loading: Loading module iap_mail (27/56) 
2026-09-15 20:13:13,266 1 INFO workflow_witness odoo.registry: module iap_mail: creating or updating database tables 
2026-09-15 20:13:13,323 1 INFO workflow_witness odoo.modules.loading: loading iap_mail/data/mail_templates.xml 
2026-09-15 20:13:13,352 1 INFO workflow_witness odoo.modules.loading: loading iap_mail/views/iap_views.xml 
2026-09-15 20:13:13,383 1 INFO workflow_witness odoo.addons.base.models.ir_module: module iap_mail: loading translation file /usr/lib/python3/dist-packages/odoo/addons/iap_mail/i18n/fr.po for language fr_FR 
2026-09-15 20:13:13,415 1 INFO workflow_witness odoo.modules.loading: Module iap_mail loaded in 0.16s, 77 queries (+77 other) 
2026-09-15 20:13:13,416 1 INFO workflow_witness odoo.modules.loading: Loading module mail_bot (28/56) 
2026-09-15 20:13:13,436 1 INFO workflow_witness odoo.registry: module mail_bot: creating or updating database tables 
2026-09-15 20:13:13,532 1 INFO workflow_witness odoo.modules.loading: loading mail_bot/views/res_users_views.xml 
2026-09-15 20:13:13,571 1 INFO workflow_witness odoo.modules.loading: loading mail_bot/data/mailbot_data.xml 
2026-09-15 20:13:13,585 1 INFO workflow_witness odoo.addons.base.models.ir_module: module mail_bot: loading translation file /usr/lib/python3/dist-packages/odoo/addons/mail_bot/i18n/fr.po for language fr_FR 
2026-09-15 20:13:13,611 1 INFO workflow_witness odoo.modules.loading: Module mail_bot loaded in 0.20s, 114 queries (+114 other) 
2026-09-15 20:13:13,611 1 INFO workflow_witness odoo.modules.loading: Loading module microsoft_outlook (29/56) 
2026-09-15 20:13:13,627 1 INFO workflow_witness odoo.registry: module microsoft_outlook: creating or updating database tables 
2026-09-15 20:13:13,737 1 INFO workflow_witness odoo.modules.loading: loading microsoft_outlook/views/fetchmail_server_views.xml 
2026-09-15 20:13:13,770 1 INFO workflow_witness odoo.modules.loading: loading microsoft_outlook/views/ir_mail_server_views.xml 
2026-09-15 20:13:13,797 1 INFO workflow_witness odoo.modules.loading: loading microsoft_outlook/views/res_config_settings_views.xml 
2026-09-15 20:13:13,855 1 INFO workflow_witness odoo.modules.loading: loading microsoft_outlook/views/templates.xml 
2026-09-15 20:13:13,876 1 INFO workflow_witness odoo.addons.base.models.ir_module: module microsoft_outlook: loading translation file /usr/lib/python3/dist-packages/odoo/addons/microsoft_outlook/i18n/fr.po for language fr_FR 
2026-09-15 20:13:13,921 1 INFO workflow_witness odoo.modules.loading: Module microsoft_outlook loaded in 0.31s, 166 queries (+166 other) 
2026-09-15 20:13:13,921 1 INFO workflow_witness odoo.modules.loading: Loading module phone_validation (30/56) 
2026-09-15 20:13:14,121 1 INFO workflow_witness odoo.registry: module phone_validation: creating or updating database tables 
2026-09-15 20:13:14,134 1 INFO workflow_witness odoo.models: Prepare computation of res.partner.phone_sanitized 
2026-09-15 20:13:15,726 1 INFO workflow_witness odoo.modules.loading: loading phone_validation/security/ir.model.access.csv 
2026-09-15 20:13:15,748 1 INFO workflow_witness odoo.modules.loading: loading phone_validation/views/phone_blacklist_views.xml 
2026-09-15 20:13:15,826 1 INFO workflow_witness odoo.modules.loading: loading phone_validation/views/res_partner_views.xml 
2026-09-15 20:13:15,854 1 INFO workflow_witness odoo.modules.loading: loading phone_validation/wizard/phone_blacklist_remove_view.xml 
2026-09-15 20:13:15,880 1 INFO workflow_witness odoo.addons.base.models.ir_module: module phone_validation: loading translation file /usr/lib/python3/dist-packages/odoo/addons/phone_validation/i18n/fr.po for language fr_FR 
2026-09-15 20:13:15,942 1 INFO workflow_witness odoo.modules.loading: Module phone_validation loaded in 2.02s, 1774 queries (+1774 other) 
2026-09-15 20:13:15,943 1 INFO workflow_witness odoo.modules.loading: Loading module privacy_lookup (31/56) 
2026-09-15 20:13:16,009 1 INFO workflow_witness odoo.registry: module privacy_lookup: creating or updating database tables 
2026-09-15 20:13:16,338 1 INFO workflow_witness odoo.modules.loading: loading privacy_lookup/wizard/privacy_lookup_wizard_views.xml 
2026-09-15 20:13:16,616 1 INFO workflow_witness odoo.modules.loading: loading privacy_lookup/views/privacy_log_views.xml 
2026-09-15 20:13:16,721 1 INFO workflow_witness odoo.modules.loading: loading privacy_lookup/security/ir.model.access.csv 
2026-09-15 20:13:16,832 1 INFO workflow_witness odoo.modules.loading: loading privacy_lookup/data/ir_actions_server_data.xml 
2026-09-15 20:13:16,952 1 INFO workflow_witness odoo.addons.base.models.ir_module: module privacy_lookup: loading translation file /usr/lib/python3/dist-packages/odoo/addons/privacy_lookup/i18n/fr.po for language fr_FR 
2026-09-15 20:13:17,071 1 INFO workflow_witness odoo.modules.loading: Module privacy_lookup loaded in 1.13s, 306 queries (+306 other) 
2026-09-15 20:13:17,072 1 INFO workflow_witness odoo.modules.loading: Loading module product (32/56) 
2026-09-15 20:13:17,323 1 INFO workflow_witness odoo.registry: module product: creating or updating database tables 
2026-09-15 20:13:18,966 1 INFO workflow_witness odoo.modules.loading: loading product/data/product_data.xml 
2026-09-15 20:13:19,072 1 INFO workflow_witness odoo.modules.loading: loading product/security/product_security.xml 
2026-09-15 20:13:19,282 1 INFO workflow_witness odoo.modules.loading: loading product/security/ir.model.access.csv 
2026-09-15 20:13:19,335 1 INFO workflow_witness odoo.modules.loading: loading product/wizard/product_label_layout_views.xml 
2026-09-15 20:13:19,358 1 INFO workflow_witness odoo.modules.loading: loading product/wizard/update_product_attribute_value_views.xml 
2026-09-15 20:13:19,370 1 INFO workflow_witness odoo.modules.loading: loading product/views/product_tag_views.xml 
2026-09-15 20:13:19,399 1 INFO workflow_witness odoo.modules.loading: loading product/views/product_views.xml 
2026-09-15 20:13:19,654 1 INFO workflow_witness odoo.modules.loading: loading product/views/res_config_settings_views.xml 
2026-09-15 20:13:19,684 1 INFO workflow_witness odoo.modules.loading: loading product/views/product_attribute_views.xml 
2026-09-15 20:13:19,786 1 INFO workflow_witness odoo.modules.loading: loading product/views/product_attribute_value_views.xml 
2026-09-15 20:13:19,802 1 INFO workflow_witness odoo.modules.loading: loading product/views/product_category_views.xml 
2026-09-15 20:13:19,874 1 INFO workflow_witness odoo.modules.loading: loading product/views/product_combo_views.xml 
2026-09-15 20:13:19,967 1 INFO workflow_witness odoo.modules.loading: loading product/views/product_document_views.xml 
2026-09-15 20:13:20,064 1 INFO workflow_witness odoo.modules.loading: loading product/views/product_pricelist_item_views.xml 
2026-09-15 20:13:20,197 1 INFO workflow_witness odoo.modules.loading: loading product/views/product_pricelist_views.xml 
2026-09-15 20:13:20,307 1 INFO workflow_witness odoo.modules.loading: loading product/views/product_supplierinfo_views.xml 
2026-09-15 20:13:20,456 1 INFO workflow_witness odoo.modules.loading: loading product/views/product_template_attribute_line_views.xml 
2026-09-15 20:13:20,481 1 INFO workflow_witness odoo.modules.loading: loading product/views/product_template_views.xml 
2026-09-15 20:13:20,764 1 INFO workflow_witness odoo.modules.loading: loading product/views/res_country_group_views.xml 
2026-09-15 20:13:20,808 1 INFO workflow_witness odoo.modules.loading: loading product/views/res_partner_views.xml 
2026-09-15 20:13:20,869 1 INFO workflow_witness odoo.modules.loading: loading product/views/uom_views.xml 
2026-09-15 20:13:20,941 1 INFO workflow_witness odoo.modules.loading: loading product/report/product_reports.xml 
2026-09-15 20:13:21,045 1 INFO workflow_witness odoo.modules.loading: loading product/report/product_product_templates.xml 
2026-09-15 20:13:21,164 1 INFO workflow_witness odoo.modules.loading: loading product/report/product_template_templates.xml 
2026-09-15 20:13:21,219 1 INFO workflow_witness odoo.modules.loading: loading product/report/product_packaging.xml 
2026-09-15 20:13:21,231 1 INFO workflow_witness odoo.modules.loading: loading product/report/product_pricelist_report_templates.xml 
2026-09-15 20:13:21,277 1 INFO workflow_witness odoo.addons.base.models.ir_module: module product: loading translation file /usr/lib/python3/dist-packages/odoo/addons/product/i18n/fr.po for language fr_FR 
2026-09-15 20:13:21,929 1 INFO workflow_witness odoo.modules.loading: Module product loaded in 4.86s, 1670 queries (+1670 other) 
2026-09-15 20:13:21,929 1 INFO workflow_witness odoo.modules.loading: Loading module resource_mail (33/56) 
2026-09-15 20:13:21,958 1 INFO workflow_witness odoo.registry: module resource_mail: creating or updating database tables 
2026-09-15 20:13:22,079 1 INFO workflow_witness odoo.addons.base.models.ir_module: module resource_mail: loading translation file /usr/lib/python3/dist-packages/odoo/addons/resource_mail/i18n/fr.po for language fr_FR 
2026-09-15 20:13:22,120 1 INFO workflow_witness odoo.modules.loading: Module resource_mail loaded in 0.19s, 39 queries (+39 other) 
2026-09-15 20:13:22,120 1 INFO workflow_witness odoo.modules.loading: Loading module partner_autocomplete (34/56) 
2026-09-15 20:13:22,196 1 INFO workflow_witness odoo.registry: module partner_autocomplete: creating or updating database tables 
2026-09-15 20:13:22,594 1 INFO workflow_witness odoo.modules.loading: loading partner_autocomplete/views/res_company_views.xml 
2026-09-15 20:13:22,722 1 INFO workflow_witness odoo.modules.loading: loading partner_autocomplete/views/res_config_settings_views.xml 
2026-09-15 20:13:22,814 1 INFO workflow_witness odoo.modules.loading: loading partner_autocomplete/data/iap_service_data.xml 
2026-09-15 20:13:22,826 1 INFO workflow_witness odoo.addons.base.models.ir_module: module partner_autocomplete: loading translation file /usr/lib/python3/dist-packages/odoo/addons/partner_autocomplete/i18n/fr.po for language fr_FR 
2026-09-15 20:13:22,908 1 INFO workflow_witness odoo.modules.loading: Module partner_autocomplete loaded in 0.79s, 150 queries (+150 other) 
2026-09-15 20:13:22,908 1 INFO workflow_witness odoo.modules.loading: Loading module portal (35/56) 
2026-09-15 20:13:23,198 1 INFO workflow_witness odoo.registry: module portal: creating or updating database tables 
2026-09-15 20:13:24,191 1 INFO workflow_witness odoo.modules.loading: loading portal/security/ir.model.access.csv 
2026-09-15 20:13:24,225 1 INFO workflow_witness odoo.modules.loading: loading portal/data/mail_templates.xml 
2026-09-15 20:13:24,265 1 INFO workflow_witness odoo.modules.loading: loading portal/views/address_templates.xml 
2026-09-15 20:13:24,394 1 INFO workflow_witness odoo.modules.loading: loading portal/views/mail_templates_public.xml 
2026-09-15 20:13:24,432 1 INFO workflow_witness odoo.modules.loading: loading portal/views/portal_templates.xml 
2026-09-15 20:13:24,874 1 INFO workflow_witness odoo.modules.loading: loading portal/views/res_config_settings_views.xml 
2026-09-15 20:13:24,975 1 INFO workflow_witness odoo.modules.loading: loading portal/wizard/portal_share_views.xml 
2026-09-15 20:13:25,018 1 INFO workflow_witness odoo.modules.loading: loading portal/wizard/portal_wizard_views.xml 
2026-09-15 20:13:25,140 1 INFO workflow_witness odoo.addons.base.models.ir_module: module portal: loading translation file /usr/lib/python3/dist-packages/odoo/addons/portal/i18n/fr.po for language fr_FR 
2026-09-15 20:13:25,352 1 INFO workflow_witness odoo.modules.loading: Module portal loaded in 2.44s, 614 queries (+614 other) 
2026-09-15 20:13:25,352 1 INFO workflow_witness odoo.modules.loading: Loading module sms (36/56) 
2026-09-15 20:13:25,501 1 INFO workflow_witness odoo.registry: module sms: creating or updating database tables 
2026-09-15 20:13:25,543 1 INFO workflow_witness odoo.models: Prepare computation of ir.actions.server.sms_template_id 
2026-09-15 20:13:25,543 1 INFO workflow_witness odoo.models: Prepare computation of ir.actions.server.sms_method 
2026-09-15 20:13:28,859 1 INFO workflow_witness odoo.modules.loading: loading sms/data/iap_service_data.xml 
2026-09-15 20:13:28,869 1 INFO workflow_witness odoo.modules.loading: loading sms/data/ir_cron_data.xml 
2026-09-15 20:13:28,933 1 INFO workflow_witness odoo.modules.loading: loading sms/wizard/sms_account_code_views.xml 
2026-09-15 20:13:28,962 1 INFO workflow_witness odoo.modules.loading: loading sms/wizard/sms_account_phone_views.xml 
2026-09-15 20:13:28,979 1 INFO workflow_witness odoo.modules.loading: loading sms/wizard/sms_account_sender_views.xml 
2026-09-15 20:13:28,996 1 INFO workflow_witness odoo.modules.loading: loading sms/wizard/sms_composer_views.xml 
2026-09-15 20:13:29,027 1 INFO workflow_witness odoo.modules.loading: loading sms/wizard/sms_template_preview_views.xml 
2026-09-15 20:13:29,054 1 INFO workflow_witness odoo.modules.loading: loading sms/wizard/sms_template_reset_views.xml 
2026-09-15 20:13:29,079 1 INFO workflow_witness odoo.modules.loading: loading sms/views/ir_actions_server_views.xml 
2026-09-15 20:13:29,124 1 INFO workflow_witness odoo.modules.loading: loading sms/views/mail_notification_views.xml 
2026-09-15 20:13:29,154 1 INFO workflow_witness odoo.modules.loading: loading sms/views/res_config_settings_views.xml 
2026-09-15 20:13:29,183 1 INFO workflow_witness odoo.modules.loading: loading sms/views/res_partner_views.xml 
2026-09-15 20:13:29,206 1 INFO workflow_witness odoo.modules.loading: loading sms/views/iap_account_views.xml 
2026-09-15 20:13:29,234 1 INFO workflow_witness odoo.modules.loading: loading sms/views/sms_sms_views.xml 
2026-09-15 20:13:29,340 1 INFO workflow_witness odoo.modules.loading: loading sms/views/sms_template_views.xml 
2026-09-15 20:13:29,435 1 INFO workflow_witness odoo.modules.loading: loading sms/security/ir.model.access.csv 
2026-09-15 20:13:29,522 1 INFO workflow_witness odoo.modules.loading: loading sms/security/sms_security.xml 
2026-09-15 20:13:29,548 1 INFO workflow_witness odoo.addons.base.models.ir_module: module sms: loading translation file /usr/lib/python3/dist-packages/odoo/addons/sms/i18n/fr.po for language fr_FR 
2026-09-15 20:13:29,671 1 INFO workflow_witness odoo.modules.loading: Module sms loaded in 4.32s, 2385 queries (+2385 other) 
2026-09-15 20:13:29,671 1 INFO workflow_witness odoo.modules.loading: Loading module snailmail (37/56) 
2026-09-15 20:13:29,852 1 INFO workflow_witness odoo.registry: module snailmail: creating or updating database tables 
2026-09-15 20:13:30,361 1 INFO workflow_witness odoo.modules.loading: loading snailmail/data/iap_service_data.xml 
2026-09-15 20:13:30,367 1 INFO workflow_witness odoo.modules.loading: loading snailmail/data/snailmail_data.xml 
2026-09-15 20:13:30,425 1 INFO workflow_witness odoo.modules.loading: loading snailmail/views/report_assets.xml 
2026-09-15 20:13:30,456 1 INFO workflow_witness odoo.modules.loading: loading snailmail/views/snailmail_views.xml 
2026-09-15 20:13:30,502 1 INFO workflow_witness odoo.modules.loading: loading snailmail/security/ir.model.access.csv 
2026-09-15 20:13:30,538 1 INFO workflow_witness odoo.addons.base.models.ir_module: module snailmail: loading translation file /usr/lib/python3/dist-packages/odoo/addons/snailmail/i18n/fr.po for language fr_FR 
2026-09-15 20:13:30,592 1 INFO workflow_witness odoo.modules.loading: Module snailmail loaded in 0.92s, 480 queries (+480 other) 
2026-09-15 20:13:30,592 1 INFO workflow_witness odoo.modules.loading: Loading module auth_passkey_portal (38/56) 
2026-09-15 20:13:30,612 1 INFO workflow_witness odoo.modules.loading: loading auth_passkey_portal/views/templates.xml 
2026-09-15 20:13:30,666 1 INFO workflow_witness odoo.addons.base.models.ir_module: module auth_passkey_portal: loading translation file /usr/lib/python3/dist-packages/odoo/addons/auth_passkey_portal/i18n/fr.po for language fr_FR 
2026-09-15 20:13:30,680 1 INFO workflow_witness odoo.modules.loading: Module auth_passkey_portal loaded in 0.09s, 26 queries (+26 other) 
2026-09-15 20:13:30,680 1 INFO workflow_witness odoo.modules.loading: Loading module auth_totp_portal (39/56) 
2026-09-15 20:13:30,693 1 INFO workflow_witness odoo.registry: module auth_totp_portal: creating or updating database tables 
2026-09-15 20:13:30,725 1 INFO workflow_witness odoo.modules.loading: loading auth_totp_portal/security/security.xml 
2026-09-15 20:13:30,742 1 INFO workflow_witness odoo.modules.loading: loading auth_totp_portal/views/templates.xml 
2026-09-15 20:13:30,765 1 INFO workflow_witness odoo.addons.base.models.ir_module: module auth_totp_portal: loading translation file /usr/lib/python3/dist-packages/odoo/addons/auth_totp_portal/i18n/fr.po for language fr_FR 
2026-09-15 20:13:30,780 1 INFO workflow_witness odoo.modules.loading: Module auth_totp_portal loaded in 0.10s, 76 queries (+76 other) 
2026-09-15 20:13:30,780 1 INFO workflow_witness odoo.modules.loading: Loading module digest (40/56) 
2026-09-15 20:13:30,800 1 INFO workflow_witness odoo.registry: module digest: creating or updating database tables 
2026-09-15 20:13:30,904 1 INFO workflow_witness odoo.modules.loading: loading digest/security/ir.model.access.csv 
2026-09-15 20:13:30,915 1 INFO workflow_witness odoo.modules.loading: loading digest/data/digest_data.xml 
2026-09-15 20:13:30,951 1 INFO workflow_witness odoo.modules.loading: loading digest/data/digest_tips_data.xml 
2026-09-15 20:13:30,991 1 INFO workflow_witness odoo.modules.loading: loading digest/data/ir_cron_data.xml 
2026-09-15 20:13:31,052 1 INFO workflow_witness odoo.modules.loading: loading digest/data/res_config_settings_data.xml 
2026-09-15 20:13:31,066 1 INFO workflow_witness odoo.modules.loading: loading digest/views/digest_views.xml 
2026-09-15 20:13:31,166 1 INFO workflow_witness odoo.modules.loading: loading digest/views/digest_templates.xml 
2026-09-15 20:13:31,180 1 INFO workflow_witness odoo.modules.loading: loading digest/views/res_config_settings_views.xml 
2026-09-15 20:13:31,236 1 INFO workflow_witness odoo.addons.base.models.ir_module: module digest: loading translation file /usr/lib/python3/dist-packages/odoo/addons/digest/i18n/fr.po for language fr_FR 
2026-09-15 20:13:31,333 1 INFO workflow_witness odoo.modules.loading: Module digest loaded in 0.55s, 344 queries (+344 other) 
2026-09-15 20:13:31,333 1 INFO workflow_witness odoo.modules.loading: Loading module payment (41/56) 
2026-09-15 20:13:31,438 1 INFO workflow_witness odoo.registry: module payment: creating or updating database tables 
2026-09-15 20:13:32,130 1 INFO workflow_witness odoo.modules.loading: loading payment/data/ir_actions_server_data.xml 
2026-09-15 20:13:32,182 1 INFO workflow_witness odoo.modules.loading: loading payment/data/payment_method_data.xml 
2026-09-15 20:13:36,640 1 INFO workflow_witness odoo.modules.loading: loading payment/data/payment_provider_data.xml 
2026-09-15 20:13:37,059 1 INFO workflow_witness odoo.modules.loading: loading payment/data/payment_cron.xml 
2026-09-15 20:13:37,091 1 INFO workflow_witness odoo.modules.loading: loading payment/views/express_checkout_templates.xml 
2026-09-15 20:13:37,100 1 INFO workflow_witness odoo.modules.loading: loading payment/views/payment_form_templates.xml 
2026-09-15 20:13:37,165 1 INFO workflow_witness odoo.modules.loading: loading payment/views/portal_templates.xml 
2026-09-15 20:13:37,209 1 INFO workflow_witness odoo.modules.loading: loading payment/views/payment_provider_views.xml 
2026-09-15 20:13:37,246 1 INFO workflow_witness odoo.modules.loading: loading payment/views/payment_method_views.xml 
2026-09-15 20:13:37,273 1 INFO workflow_witness odoo.modules.loading: loading payment/views/payment_transaction_views.xml 
2026-09-15 20:13:37,317 1 INFO workflow_witness odoo.modules.loading: loading payment/views/payment_token_views.xml 
2026-09-15 20:13:37,345 1 INFO workflow_witness odoo.modules.loading: loading payment/views/res_partner_views.xml 
2026-09-15 20:13:37,362 1 INFO workflow_witness odoo.modules.loading: loading payment/security/ir.model.access.csv 
2026-09-15 20:13:38,932 1 INFO workflow_witness odoo.modules.loading: loading payment/security/payment_security.xml 
2026-09-15 20:13:39,010 1 INFO workflow_witness odoo.modules.loading: loading payment/wizards/payment_capture_wizard_views.xml 
2026-09-15 20:13:39,037 1 INFO workflow_witness odoo.modules.loading: loading payment/wizards/payment_link_wizard_views.xml 
2026-09-15 20:13:39,072 1 INFO workflow_witness odoo.addons.base.models.ir_module: module payment: loading translation file /usr/lib/python3/dist-packages/odoo/addons/payment/i18n/fr.po for language fr_FR 
2026-09-15 20:13:39,360 1 INFO workflow_witness odoo.modules.loading: Module payment loaded in 8.03s, 2539 queries (+2539 other) 
2026-09-15 20:13:39,360 1 INFO workflow_witness odoo.modules.loading: Loading module spreadsheet (42/56) 
2026-09-15 20:13:39,375 1 INFO workflow_witness odoo.registry: module spreadsheet: creating or updating database tables 
2026-09-15 20:13:39,426 1 INFO workflow_witness odoo.modules.loading: loading spreadsheet/views/public_readonly_spreadsheet_templates.xml 
2026-09-15 20:13:39,438 1 INFO workflow_witness odoo.addons.base.models.ir_module: module spreadsheet: loading translation file /usr/lib/python3/dist-packages/odoo/addons/spreadsheet/i18n/fr.po for language fr_FR 
2026-09-15 20:13:39,550 1 INFO workflow_witness odoo.modules.loading: Module spreadsheet loaded in 0.19s, 99 queries (+99 other) 
2026-09-15 20:13:39,550 1 INFO workflow_witness odoo.modules.loading: Loading module account (43/56) 
2026-09-15 20:13:39,689 1 INFO workflow_witness odoo.registry: module account: creating or updating database tables 
2026-09-15 20:13:39,853 1 INFO workflow_witness odoo.models: Prepare computation of res.company.domestic_fiscal_position_id 
2026-09-15 20:13:39,854 1 INFO workflow_witness odoo.models: Prepare computation of res.company.account_fiscal_country_id 
2026-09-15 20:13:39,854 1 INFO workflow_witness odoo.models: Prepare computation of res.company.invoice_terms_html 
2026-09-15 20:13:39,854 1 INFO workflow_witness odoo.models: Prepare computation of res.company.account_storno 
2026-09-15 20:13:42,313 1 INFO workflow_witness odoo.modules.loading: loading account/security/account_security.xml 
2026-09-15 20:13:42,495 1 INFO workflow_witness odoo.modules.loading: loading account/security/ir.model.access.csv 
2026-09-15 20:13:42,546 1 INFO workflow_witness odoo.modules.loading: loading account/data/account_data.xml 
2026-09-15 20:13:42,627 1 INFO workflow_witness odoo.modules.loading: loading account/data/digest_data.xml 
2026-09-15 20:13:42,635 1 INFO workflow_witness odoo.modules.loading: loading account/views/account_report.xml 
2026-09-15 20:13:42,669 1 INFO workflow_witness odoo.modules.loading: loading account/data/mail_template_data.xml 
2026-09-15 20:13:42,762 1 INFO workflow_witness odoo.modules.loading: loading account/data/onboarding_data.xml 
2026-09-15 20:13:42,817 1 INFO workflow_witness odoo.modules.loading: loading account/data/account_tour.xml 
2026-09-15 20:13:42,825 1 INFO workflow_witness odoo.modules.loading: loading account/data/ir_sequence.xml 
2026-09-15 20:13:42,835 1 INFO workflow_witness odoo.modules.loading: loading account/data/res_country_group.xml 
2026-09-15 20:13:42,871 1 INFO workflow_witness odoo.modules.loading: loading account/views/account_payment_view.xml 
2026-09-15 20:13:43,008 1 INFO workflow_witness odoo.modules.loading: loading account/wizard/account_automatic_entry_wizard_views.xml 
2026-09-15 20:13:43,029 1 INFO workflow_witness odoo.modules.loading: loading account/wizard/account_autopost_bills_wizard.xml 
2026-09-15 20:13:43,043 1 INFO workflow_witness odoo.modules.loading: loading account/wizard/account_unreconcile_view.xml 
2026-09-15 20:13:43,059 1 INFO workflow_witness odoo.modules.loading: loading account/wizard/account_move_reversal_view.xml 
2026-09-15 20:13:43,079 1 INFO workflow_witness odoo.modules.loading: loading account/wizard/account_resequence_views.xml 
2026-09-15 20:13:43,098 1 INFO workflow_witness odoo.modules.loading: loading account/wizard/account_payment_register_views.xml 
2026-09-15 20:13:43,116 1 INFO workflow_witness odoo.modules.loading: loading account/views/account_move_views.xml 
2026-09-15 20:13:43,664 1 INFO workflow_witness odoo.modules.loading: loading account/wizard/setup_wizards_view.xml 
2026-09-15 20:13:43,692 1 INFO workflow_witness odoo.modules.loading: loading account/views/account_account_views.xml 
2026-09-15 20:13:43,730 1 INFO workflow_witness odoo.modules.loading: loading account/views/account_group_views.xml 
2026-09-15 20:13:43,751 1 INFO workflow_witness odoo.modules.loading: loading account/views/account_journal_views.xml 
2026-09-15 20:13:43,837 1 INFO workflow_witness odoo.modules.loading: loading account/views/account_account_tag_views.xml 
2026-09-15 20:13:43,864 1 INFO workflow_witness odoo.modules.loading: loading account/views/account_bank_statement_views.xml 
2026-09-15 20:13:43,907 1 INFO workflow_witness odoo.modules.loading: loading account/views/account_reconcile_model_views.xml 
2026-09-15 20:13:43,948 1 INFO workflow_witness odoo.modules.loading: loading account/views/account_tax_views.xml 
2026-09-15 20:13:44,069 1 INFO workflow_witness odoo.modules.loading: loading account/views/account_full_reconcile_views.xml 
2026-09-15 20:13:44,085 1 INFO workflow_witness odoo.modules.loading: loading account/views/account_payment_term_views.xml 
2026-09-15 20:13:44,131 1 INFO workflow_witness odoo.modules.loading: loading account/views/account_payment_method.xml 
2026-09-15 20:13:44,149 1 INFO workflow_witness odoo.modules.loading: loading account/views/res_partner_bank_views.xml 
2026-09-15 20:13:44,187 1 INFO workflow_witness odoo.modules.loading: loading account/views/report_statement.xml 
2026-09-15 20:13:44,210 1 INFO workflow_witness odoo.modules.loading: loading account/views/terms_template.xml 
2026-09-15 20:13:44,230 1 INFO workflow_witness odoo.modules.loading: loading account/wizard/account_validate_move_view.xml 
2026-09-15 20:13:44,260 1 INFO workflow_witness odoo.modules.loading: loading account/views/res_company_views.xml 
2026-09-15 20:13:44,289 1 INFO workflow_witness odoo.modules.loading: loading account/views/product_view.xml 
2026-09-15 20:13:44,364 1 INFO workflow_witness odoo.modules.loading: loading account/views/account_analytic_plan_views.xml 
2026-09-15 20:13:44,379 1 INFO workflow_witness odoo.modules.loading: loading account/views/account_analytic_account_views.xml 
2026-09-15 20:13:44,404 1 INFO workflow_witness odoo.modules.loading: loading account/views/account_analytic_distribution_model_views.xml 
2026-09-15 20:13:44,431 1 INFO workflow_witness odoo.modules.loading: loading account/views/account_analytic_line_views.xml 
2026-09-15 20:13:44,478 1 INFO workflow_witness odoo.modules.loading: loading account/views/report_invoice.xml 
2026-09-15 20:13:44,517 1 INFO workflow_witness odoo.modules.loading: loading account/report/account_invoice_report_view.xml 
2026-09-15 20:13:44,558 1 INFO workflow_witness odoo.modules.loading: loading account/views/account_cash_rounding_view.xml 
2026-09-15 20:13:44,576 1 INFO workflow_witness odoo.modules.loading: loading account/views/ir_actions_views.xml 
2026-09-15 20:13:44,584 1 INFO workflow_witness odoo.modules.loading: loading account/views/ir_module_views.xml 
2026-09-15 20:13:44,593 1 INFO workflow_witness odoo.modules.loading: loading account/views/base_document_layout_views.xml 
2026-09-15 20:13:44,604 1 INFO workflow_witness odoo.modules.loading: loading account/views/res_config_settings_views.xml 
2026-09-15 20:13:44,659 1 INFO workflow_witness odoo.modules.loading: loading account/views/partner_view.xml 
2026-09-15 20:13:44,772 1 INFO workflow_witness odoo.modules.loading: loading account/views/account_journal_dashboard_view.xml 
2026-09-15 20:13:44,807 1 INFO workflow_witness odoo.modules.loading: loading account/views/account_portal_templates.xml 
2026-09-15 20:13:44,887 1 INFO workflow_witness odoo.modules.loading: loading account/views/report_payment_receipt_templates.xml 
2026-09-15 20:13:44,906 1 INFO workflow_witness odoo.modules.loading: loading account/data/service_cron.xml 
2026-09-15 20:13:44,944 1 INFO workflow_witness odoo.modules.loading: loading account/views/account_incoterms_view.xml 
2026-09-15 20:13:44,969 1 INFO workflow_witness odoo.modules.loading: loading account/data/account_incoterms_data.xml 
2026-09-15 20:13:44,991 1 INFO workflow_witness odoo.modules.loading: loading account/views/digest_views.xml 
2026-09-15 20:13:45,009 1 INFO workflow_witness odoo.modules.loading: loading account/wizard/account_move_send_wizard.xml 
2026-09-15 20:13:45,023 1 INFO workflow_witness odoo.modules.loading: loading account/wizard/account_move_send_batch_wizard.xml 
2026-09-15 20:13:45,033 1 INFO workflow_witness odoo.modules.loading: loading account/report/account_hash_integrity_templates.xml 
2026-09-15 20:13:45,044 1 INFO workflow_witness odoo.modules.loading: loading account/views/res_currency.xml 
2026-09-15 20:13:45,062 1 INFO workflow_witness odoo.modules.loading: loading account/views/res_country_group_view.xml 
2026-09-15 20:13:45,078 1 INFO workflow_witness odoo.modules.loading: loading account/views/account_menuitem.xml 
2026-09-15 20:13:45,259 1 INFO workflow_witness odoo.modules.loading: loading account/wizard/account_secure_entries_wizard.xml 
2026-09-15 20:13:45,277 1 INFO workflow_witness odoo.modules.loading: loading account/views/mail_message_views.xml 
2026-09-15 20:13:45,293 1 INFO workflow_witness odoo.modules.loading: loading account/wizard/accrued_orders.xml 
2026-09-15 20:13:45,300 1 INFO workflow_witness odoo.modules.loading: loading account/views/bill_preview_template.xml 
2026-09-15 20:13:45,309 1 INFO workflow_witness odoo.modules.loading: loading account/data/account_reports_data.xml 
2026-09-15 20:13:45,345 1 INFO workflow_witness odoo.modules.loading: loading account/views/uom_uom_views.xml 
2026-09-15 20:13:45,357 1 INFO workflow_witness odoo.modules.loading: loading account/views/product_views.xml 
2026-09-15 20:13:45,371 1 INFO workflow_witness odoo.modules.loading: loading account/views/tests_shared_js_python.xml 
2026-09-15 20:13:45,375 1 INFO workflow_witness odoo.modules.loading: loading account/views/account_lock_exception_views.xml 
2026-09-15 20:13:45,384 1 INFO workflow_witness odoo.modules.loading: loading account/views/report_templates.xml 
2026-09-15 20:13:45,403 1 INFO workflow_witness odoo.modules.loading: loading account/wizard/account_merge_wizard_views.xml 
2026-09-15 20:13:45,416 1 INFO workflow_witness odoo.modules.loading: loading account/data/ir_config_parameter_data.xml 
2026-09-15 20:13:45,423 1 INFO workflow_witness odoo.addons.base.models.ir_module: module account: loading translation file /usr/lib/python3/dist-packages/odoo/addons/account/i18n/fr.po for language fr_FR 
2026-09-15 20:13:46,180 1 INFO workflow_witness odoo.modules.loading: Module account loaded in 6.63s, 5857 queries (+5857 other) 
2026-09-15 20:13:46,180 1 INFO workflow_witness odoo.modules.loading: Loading module spreadsheet_dashboard (44/56) 
2026-09-15 20:13:46,190 1 INFO workflow_witness odoo.registry: module spreadsheet_dashboard: creating or updating database tables 
2026-09-15 20:13:46,366 1 INFO workflow_witness odoo.modules.loading: loading spreadsheet_dashboard/security/security.xml 
2026-09-15 20:13:46,459 1 INFO workflow_witness odoo.modules.loading: loading spreadsheet_dashboard/security/ir.model.access.csv 
2026-09-15 20:13:46,476 1 INFO workflow_witness odoo.modules.loading: loading spreadsheet_dashboard/views/spreadsheet_dashboard_views.xml 
2026-09-15 20:13:46,518 1 INFO workflow_witness odoo.modules.loading: loading spreadsheet_dashboard/views/menu_views.xml 
2026-09-15 20:13:46,554 1 INFO workflow_witness odoo.modules.loading: loading spreadsheet_dashboard/data/dashboard.xml 
2026-09-15 20:13:46,578 1 INFO workflow_witness odoo.addons.base.models.ir_module: module spreadsheet_dashboard: loading translation file /usr/lib/python3/dist-packages/odoo/addons/spreadsheet_dashboard/i18n/fr.po for language fr_FR 
2026-09-15 20:13:46,649 1 INFO workflow_witness odoo.modules.loading: Module spreadsheet_dashboard loaded in 0.47s, 327 queries (+327 other) 
2026-09-15 20:13:46,650 1 INFO workflow_witness odoo.modules.loading: Loading module stock (45/56) 
2026-09-15 20:13:46,859 1 INFO workflow_witness odoo.registry: module stock: creating or updating database tables 
2026-09-15 20:13:48,477 1 INFO workflow_witness odoo.modules.loading: loading stock/security/stock_security.xml 
2026-09-15 20:13:48,615 1 INFO workflow_witness odoo.modules.loading: loading stock/security/ir.model.access.csv 
2026-09-15 20:13:48,664 1 INFO workflow_witness odoo.modules.loading: loading stock/data/digest_data.xml 
2026-09-15 20:13:48,669 1 INFO workflow_witness odoo.modules.loading: loading stock/data/mail_templates.xml 
2026-09-15 20:13:48,677 1 INFO workflow_witness odoo.modules.loading: loading stock/data/default_barcode_patterns.xml 
2026-09-15 20:13:48,685 1 INFO workflow_witness odoo.modules.loading: loading stock/data/stock_data.xml 
2026-09-15 20:13:48,866 1 INFO workflow_witness odoo.modules.loading: loading stock/data/stock_sequence_data.xml 
2026-09-15 20:13:48,892 1 INFO workflow_witness odoo.modules.loading: loading stock/data/stock_traceability_report_data.xml 
2026-09-15 20:13:48,895 1 INFO workflow_witness odoo.modules.loading: loading stock/report/report_stock_quantity.xml 
2026-09-15 20:13:48,902 1 INFO workflow_witness odoo.modules.loading: loading stock/report/report_stock_reception.xml 
2026-09-15 20:13:48,919 1 INFO workflow_witness odoo.modules.loading: loading stock/report/stock_report_views.xml 
2026-09-15 20:13:48,954 1 INFO workflow_witness odoo.modules.loading: loading stock/report/report_package_barcode.xml 
2026-09-15 20:13:48,986 1 INFO workflow_witness odoo.modules.loading: loading stock/report/report_lot_barcode.xml 
2026-09-15 20:13:48,993 1 INFO workflow_witness odoo.modules.loading: loading stock/report/report_location_barcode.xml 
2026-09-15 20:13:49,002 1 INFO workflow_witness odoo.modules.loading: loading stock/report/report_stockpicking_operations.xml 
2026-09-15 20:13:49,016 1 INFO workflow_witness odoo.modules.loading: loading stock/report/report_deliveryslip.xml 
2026-09-15 20:13:49,045 1 INFO workflow_witness odoo.modules.loading: loading stock/report/report_stockinventory.xml 
2026-09-15 20:13:49,051 1 INFO workflow_witness odoo.modules.loading: loading stock/report/report_stock_rule.xml 
2026-09-15 20:13:49,077 1 INFO workflow_witness odoo.modules.loading: loading stock/report/package_templates.xml 
2026-09-15 20:13:49,086 1 INFO workflow_witness odoo.modules.loading: loading stock/report/packaging_barcode.xml 
2026-09-15 20:13:49,091 1 INFO workflow_witness odoo.modules.loading: loading stock/report/picking_templates.xml 
2026-09-15 20:13:49,104 1 INFO workflow_witness odoo.modules.loading: loading stock/report/product_templates.xml 
2026-09-15 20:13:49,128 1 INFO workflow_witness odoo.modules.loading: loading stock/report/report_return_slip.xml 
2026-09-15 20:13:49,140 1 INFO workflow_witness odoo.modules.loading: loading stock/data/mail_template_data.xml 
2026-09-15 20:13:49,147 1 INFO workflow_witness odoo.modules.loading: loading stock/views/stock_menu_views.xml 
2026-09-15 20:13:49,193 1 INFO workflow_witness odoo.modules.loading: loading stock/wizard/stock_picking_return_views.xml 
2026-09-15 20:13:49,206 1 INFO workflow_witness odoo.modules.loading: loading stock/wizard/stock_inventory_conflict.xml 
2026-09-15 20:13:49,217 1 INFO workflow_witness odoo.modules.loading: loading stock/wizard/stock_backorder_confirmation_views.xml 
2026-09-15 20:13:49,228 1 INFO workflow_witness odoo.modules.loading: loading stock/wizard/stock_quantity_history.xml 
2026-09-15 20:13:49,238 1 INFO workflow_witness odoo.modules.loading: loading stock/wizard/stock_request_count.xml 
2026-09-15 20:13:49,251 1 INFO workflow_witness odoo.modules.loading: loading stock/wizard/stock_replenishment_info.xml 
2026-09-15 20:13:49,279 1 INFO workflow_witness odoo.modules.loading: loading stock/wizard/stock_rules_report_views.xml 
2026-09-15 20:13:49,289 1 INFO workflow_witness odoo.modules.loading: loading stock/wizard/stock_warn_insufficient_qty_views.xml 
2026-09-15 20:13:49,304 1 INFO workflow_witness odoo.modules.loading: loading stock/wizard/product_replenish_views.xml 
2026-09-15 20:13:49,314 1 INFO workflow_witness odoo.modules.loading: loading stock/wizard/product_label_layout_views.xml 
2026-09-15 20:13:49,331 1 INFO workflow_witness odoo.modules.loading: loading stock/wizard/stock_orderpoint_snooze_views.xml 
2026-09-15 20:13:49,340 1 INFO workflow_witness odoo.modules.loading: loading stock/wizard/stock_package_destination_views.xml 
2026-09-15 20:13:49,351 1 INFO workflow_witness odoo.modules.loading: loading stock/wizard/stock_inventory_adjustment_name.xml 
2026-09-15 20:13:49,361 1 INFO workflow_witness odoo.modules.loading: loading stock/wizard/stock_inventory_warning.xml 
2026-09-15 20:13:49,373 1 INFO workflow_witness odoo.modules.loading: loading stock/wizard/stock_label_type.xml 
2026-09-15 20:13:49,381 1 INFO workflow_witness odoo.modules.loading: loading stock/wizard/stock_lot_label_layout.xml 
2026-09-15 20:13:49,388 1 INFO workflow_witness odoo.modules.loading: loading stock/wizard/stock_quant_relocate.xml 
2026-09-15 20:13:49,396 1 INFO workflow_witness odoo.modules.loading: loading stock/wizard/stock_put_in_pack_views.xml 
2026-09-15 20:13:49,405 1 INFO workflow_witness odoo.modules.loading: loading stock/views/res_partner_views.xml 
2026-09-15 20:13:49,433 1 INFO workflow_witness odoo.modules.loading: loading stock/views/product_strategy_views.xml 
2026-09-15 20:13:49,460 1 INFO workflow_witness odoo.modules.loading: loading stock/views/stock_lot_views.xml 
2026-09-15 20:13:49,492 1 INFO workflow_witness odoo.modules.loading: loading stock/views/stock_scrap_views.xml 
2026-09-15 20:13:49,526 1 INFO workflow_witness odoo.modules.loading: loading stock/views/stock_quant_views.xml 
2026-09-15 20:13:49,869 1 INFO workflow_witness odoo.modules.loading: loading stock/views/stock_warehouse_views.xml 
2026-09-15 20:13:49,893 1 INFO workflow_witness odoo.modules.loading: loading stock/views/stock_move_line_views.xml 
2026-09-15 20:13:49,961 1 INFO workflow_witness odoo.modules.loading: loading stock/views/stock_move_views.xml 
2026-09-15 20:13:50,079 1 INFO workflow_witness odoo.modules.loading: loading stock/views/stock_picking_views.xml 
2026-09-15 20:13:50,260 1 INFO workflow_witness odoo.modules.loading: loading stock/views/stock_picking_type_views.xml 
2026-09-15 20:13:50,316 1 INFO workflow_witness odoo.modules.loading: loading stock/views/product_views.xml 
2026-09-15 20:13:50,606 1 INFO workflow_witness odoo.modules.loading: loading stock/views/stock_location_views.xml 
2026-09-15 20:13:50,728 1 INFO workflow_witness odoo.modules.loading: loading stock/views/stock_orderpoint_views.xml 
2026-09-15 20:13:50,861 1 INFO workflow_witness odoo.modules.loading: loading stock/views/stock_storage_category_views.xml 
2026-09-15 20:13:50,920 1 INFO workflow_witness odoo.modules.loading: loading stock/views/res_config_settings_views.xml 
2026-09-15 20:13:50,989 1 INFO workflow_witness odoo.modules.loading: loading stock/views/report_stock_traceability.xml 
2026-09-15 20:13:51,010 1 INFO workflow_witness odoo.modules.loading: loading stock/views/stock_template.xml 
2026-09-15 20:13:51,031 1 INFO workflow_witness odoo.modules.loading: loading stock/views/stock_rule_views.xml 
2026-09-15 20:13:51,106 1 INFO workflow_witness odoo.modules.loading: loading stock/views/stock_package_history_views.xml 
2026-09-15 20:13:51,132 1 INFO workflow_witness odoo.modules.loading: loading stock/views/stock_package_type_view.xml 
2026-09-15 20:13:51,179 1 INFO workflow_witness odoo.modules.loading: loading stock/views/stock_package_views.xml 
2026-09-15 20:13:51,238 1 INFO workflow_witness odoo.modules.loading: loading stock/views/stock_forecasted.xml 
2026-09-15 20:13:51,247 1 INFO workflow_witness odoo.modules.loading: loading stock/views/stock_reference_views.xml 
2026-09-15 20:13:51,281 1 INFO workflow_witness odoo.modules.loading: loading stock/views/uom_uom_views.xml 
2026-09-15 20:13:51,308 1 INFO workflow_witness odoo.addons.base.models.ir_module: module stock: loading translation file /usr/lib/python3/dist-packages/odoo/addons/stock/i18n/fr.po for language fr_FR 
2026-09-15 20:13:51,737 1 INFO workflow_witness odoo.modules.loading: Module stock loaded in 5.09s, 5122 queries (+5122 other) 
2026-09-15 20:13:51,738 1 INFO workflow_witness odoo.modules.loading: Loading module account_add_gln (46/56) 
2026-09-15 20:13:51,763 1 INFO workflow_witness odoo.registry: module account_add_gln: creating or updating database tables 
2026-09-15 20:13:51,863 1 INFO workflow_witness odoo.modules.loading: loading account_add_gln/views/res_partner_views.xml 
2026-09-15 20:13:51,909 1 INFO workflow_witness odoo.addons.base.models.ir_module: module account_add_gln: loading translation file /usr/lib/python3/dist-packages/odoo/addons/account_add_gln/i18n/fr.po for language fr_FR 
2026-09-15 20:13:51,932 1 INFO workflow_witness odoo.modules.loading: Module account_add_gln loaded in 0.19s, 110 queries (+110 other) 
2026-09-15 20:13:51,932 1 INFO workflow_witness odoo.modules.loading: Loading module account_edi_ubl_cii (47/56) 
2026-09-15 20:13:51,981 1 INFO workflow_witness odoo.registry: module account_edi_ubl_cii: creating or updating database tables 
2026-09-15 20:13:52,024 1 INFO workflow_witness odoo.models: Prepare computation of res.partner.peppol_endpoint 
2026-09-15 20:13:52,024 1 INFO workflow_witness odoo.models: Prepare computation of res.partner.peppol_eas 
2026-09-15 20:13:52,200 1 INFO workflow_witness odoo.modules.loading: loading account_edi_ubl_cii/data/cii_22_templates.xml 
2026-09-15 20:13:52,241 1 INFO workflow_witness odoo.modules.loading: loading account_edi_ubl_cii/data/ir_config_parameter_data.xml 
2026-09-15 20:13:52,248 1 INFO workflow_witness odoo.modules.loading: loading account_edi_ubl_cii/views/account_tax_views.xml 
2026-09-15 20:13:52,274 1 INFO workflow_witness odoo.modules.loading: loading account_edi_ubl_cii/views/account_move_views.xml 
2026-09-15 20:13:52,302 1 INFO workflow_witness odoo.modules.loading: loading account_edi_ubl_cii/views/res_partner_views.xml 
2026-09-15 20:13:52,325 1 INFO workflow_witness odoo.modules.loading: loading account_edi_ubl_cii/report/account_edi_ubl_cii_report_templates.xml 
2026-09-15 20:13:52,362 1 INFO workflow_witness odoo.addons.base.models.ir_module: module account_edi_ubl_cii: loading translation file /usr/lib/python3/dist-packages/odoo/addons/account_edi_ubl_cii/i18n/fr.po for language fr_FR 
2026-09-15 20:13:52,450 1 INFO workflow_witness odoo.modules.loading: Module account_edi_ubl_cii loaded in 0.52s, 383 queries (+383 other) 
2026-09-15 20:13:52,450 1 INFO workflow_witness odoo.modules.loading: Loading module account_payment (48/56) 
2026-09-15 20:13:52,476 1 INFO workflow_witness odoo.registry: module account_payment: creating or updating database tables 
2026-09-15 20:13:52,622 1 INFO workflow_witness odoo.modules.loading: loading account_payment/data/ir_config_parameter.xml 
2026-09-15 20:13:52,628 1 INFO workflow_witness odoo.modules.loading: loading account_payment/security/ir.model.access.csv 
2026-09-15 20:13:52,635 1 INFO workflow_witness odoo.modules.loading: loading account_payment/security/ir_rules.xml 
2026-09-15 20:13:52,644 1 INFO workflow_witness odoo.modules.loading: loading account_payment/views/account_payment_menus.xml 
2026-09-15 20:13:52,662 1 INFO workflow_witness odoo.modules.loading: loading account_payment/views/account_portal_templates.xml 
2026-09-15 20:13:52,731 1 INFO workflow_witness odoo.modules.loading: loading account_payment/views/account_move_views.xml 
2026-09-15 20:13:52,768 1 INFO workflow_witness odoo.modules.loading: loading account_payment/views/account_journal_views.xml 
2026-09-15 20:13:52,789 1 INFO workflow_witness odoo.modules.loading: loading account_payment/views/account_payment_views.xml 
2026-09-15 20:13:52,805 1 INFO workflow_witness odoo.modules.loading: loading account_payment/views/payment_form_templates.xml 
2026-09-15 20:13:52,815 1 INFO workflow_witness odoo.modules.loading: loading account_payment/views/payment_provider_views.xml 
2026-09-15 20:13:52,830 1 INFO workflow_witness odoo.modules.loading: loading account_payment/views/payment_transaction_views.xml 
2026-09-15 20:13:52,843 1 INFO workflow_witness odoo.modules.loading: loading account_payment/wizards/account_payment_register_views.xml 
2026-09-15 20:13:52,860 1 INFO workflow_witness odoo.modules.loading: loading account_payment/wizards/payment_link_wizard_views.xml 
2026-09-15 20:13:52,882 1 INFO workflow_witness odoo.modules.loading: loading account_payment/wizards/payment_refund_wizard_views.xml 
2026-09-15 20:13:52,893 1 INFO workflow_witness odoo.modules.loading: loading account_payment/wizards/res_config_settings_views.xml 
2026-09-15 20:13:52,944 1 INFO workflow_witness odoo.addons.base.models.ir_module: module account_payment: loading translation file /usr/lib/python3/dist-packages/odoo/addons/account_payment/i18n/fr.po for language fr_FR 
2026-09-15 20:13:53,002 1 INFO workflow_witness odoo.modules.loading: Module account_payment loaded in 0.55s, 574 queries (+574 other) 
2026-09-15 20:13:53,002 1 INFO workflow_witness odoo.modules.loading: Loading module snailmail_account (49/56) 
2026-09-15 20:13:53,034 1 INFO workflow_witness odoo.registry: module snailmail_account: creating or updating database tables 
2026-09-15 20:13:53,200 1 INFO workflow_witness odoo.modules.loading: loading snailmail_account/views/res_config_settings_views.xml 
2026-09-15 20:13:53,253 1 INFO workflow_witness odoo.addons.base.models.ir_module: module snailmail_account: loading translation file /usr/lib/python3/dist-packages/odoo/addons/snailmail_account/i18n/fr.po for language fr_FR 
2026-09-15 20:13:53,270 1 INFO workflow_witness odoo.modules.loading: Module snailmail_account loaded in 0.27s, 197 queries (+197 other) 
2026-09-15 20:13:53,270 1 INFO workflow_witness odoo.modules.loading: Loading module spreadsheet_account (50/56) 
2026-09-15 20:13:53,289 1 INFO workflow_witness odoo.registry: module spreadsheet_account: creating or updating database tables 
2026-09-15 20:13:53,348 1 INFO workflow_witness odoo.addons.base.models.ir_module: module spreadsheet_account: loading translation file /usr/lib/python3/dist-packages/odoo/addons/spreadsheet_account/i18n/fr.po for language fr_FR 
2026-09-15 20:13:53,380 1 INFO workflow_witness odoo.modules.loading: Module spreadsheet_account loaded in 0.11s, 61 queries (+61 other) 
2026-09-15 20:13:53,380 1 INFO workflow_witness odoo.modules.loading: Loading module spreadsheet_dashboard_account (51/56) 
2026-09-15 20:13:53,394 1 INFO workflow_witness odoo.modules.loading: loading spreadsheet_dashboard_account/data/dashboards.xml 
2026-09-15 20:13:53,440 1 INFO workflow_witness odoo.addons.base.models.ir_module: module spreadsheet_dashboard_account: loading translation file /usr/lib/python3/dist-packages/odoo/addons/spreadsheet_dashboard_account/i18n/fr.po for language fr_FR 
2026-09-15 20:13:53,461 1 INFO workflow_witness odoo.modules.loading: Module spreadsheet_dashboard_account loaded in 0.08s, 40 queries (+40 other) 
2026-09-15 20:13:53,461 1 INFO workflow_witness odoo.modules.loading: Loading module stock_account (52/56) 
2026-09-15 20:13:53,515 1 INFO workflow_witness odoo.registry: module stock_account: creating or updating database tables 
2026-09-15 20:13:53,914 1 INFO workflow_witness odoo.modules.loading: loading stock_account/security/stock_account_security.xml 
2026-09-15 20:13:53,938 1 INFO workflow_witness odoo.modules.loading: loading stock_account/security/ir.model.access.csv 
2026-09-15 20:13:53,954 1 INFO workflow_witness odoo.modules.loading: loading stock_account/data/stock_account_data.xml 
2026-09-15 20:13:54,003 1 INFO workflow_witness odoo.modules.loading: loading stock_account/views/account_account_views.xml 
2026-09-15 20:13:54,036 1 INFO workflow_witness odoo.modules.loading: loading stock_account/views/stock_account_views.xml 
2026-09-15 20:13:54,052 1 INFO workflow_witness odoo.modules.loading: loading stock_account/views/res_config_settings_views.xml 
2026-09-15 20:13:54,082 1 INFO workflow_witness odoo.modules.loading: loading stock_account/views/report_invoice.xml 
2026-09-15 20:13:54,098 1 INFO workflow_witness odoo.modules.loading: loading stock_account/views/stock_quant_views.xml 
2026-09-15 20:13:54,339 1 INFO workflow_witness odoo.modules.loading: loading stock_account/views/product_views.xml 
2026-09-15 20:13:54,446 1 INFO workflow_witness odoo.modules.loading: loading stock_account/views/product_value_views.xml 
2026-09-15 20:13:54,467 1 INFO workflow_witness odoo.modules.loading: loading stock_account/views/stock_location_views.xml 
2026-09-15 20:13:54,493 1 INFO workflow_witness odoo.modules.loading: loading stock_account/views/stock_lot_views.xml 
2026-09-15 20:13:54,503 1 INFO workflow_witness odoo.modules.loading: loading stock_account/views/stock_picking_views.xml 
2026-09-15 20:13:54,512 1 INFO workflow_witness odoo.modules.loading: loading stock_account/views/stock_move_views.xml 
2026-09-15 20:13:54,538 1 INFO workflow_witness odoo.modules.loading: loading stock_account/wizard/stock_inventory_adjustment_name_views.xml 
2026-09-15 20:13:54,546 1 INFO workflow_witness odoo.modules.loading: loading stock_account/report/account_invoice_report_view.xml 
2026-09-15 20:13:54,549 1 INFO workflow_witness odoo.modules.loading: loading stock_account/report/stock_avco_audit_report_views.xml 
2026-09-15 20:13:54,557 1 INFO workflow_witness odoo.modules.loading: loading stock_account/report/stock_valuation_report.xml 
2026-09-15 20:13:54,566 1 INFO workflow_witness odoo.addons.base.models.ir_module: module stock_account: loading translation file /usr/lib/python3/dist-packages/odoo/addons/stock_account/i18n/fr.po for language fr_FR 
2026-09-15 20:13:54,627 1 INFO workflow_witness odoo.modules.loading: Module stock_account loaded in 1.17s, 927 queries (+927 other) 
2026-09-15 20:13:54,627 1 INFO workflow_witness odoo.modules.loading: Loading module stock_sms (53/56) 
2026-09-15 20:13:54,654 1 INFO workflow_witness odoo.registry: module stock_sms: creating or updating database tables 
2026-09-15 20:13:54,737 1 INFO workflow_witness odoo.modules.loading: loading stock_sms/data/sms_data.xml 
2026-09-15 20:13:54,744 1 INFO workflow_witness odoo.modules.loading: loading stock_sms/views/res_config_settings_views.xml 
2026-09-15 20:13:54,770 1 INFO workflow_witness odoo.modules.loading: loading stock_sms/wizard/confirm_stock_sms_views.xml 
2026-09-15 20:13:54,776 1 INFO workflow_witness odoo.modules.loading: loading stock_sms/security/ir.model.access.csv 
2026-09-15 20:13:54,782 1 INFO workflow_witness odoo.modules.loading: loading stock_sms/security/sms_security.xml 
2026-09-15 20:13:54,789 1 INFO workflow_witness odoo.addons.base.models.ir_module: module stock_sms: loading translation file /usr/lib/python3/dist-packages/odoo/addons/stock_sms/i18n/fr.po for language fr_FR 
2026-09-15 20:13:54,820 1 INFO workflow_witness odoo.modules.loading: Module stock_sms loaded in 0.19s, 208 queries (+208 other) 
2026-09-15 20:13:54,820 1 INFO workflow_witness odoo.modules.loading: Loading module workflow_case (54/56) 
2026-09-15 20:13:54,832 1 INFO workflow_witness odoo.registry: module workflow_case: creating or updating database tables 
2026-09-15 20:13:54,881 1 INFO workflow_witness odoo.modules.loading: loading workflow_case/ir.model.access.csv 
2026-09-15 20:13:54,887 1 INFO workflow_witness odoo.modules.loading: loading workflow_case/views.xml 
2026-09-15 20:13:54,904 1 INFO workflow_witness odoo.addons.base.models.ir_module: module workflow_case: no translation for language fr_FR 
2026-09-15 20:13:54,908 1 INFO workflow_witness odoo.modules.loading: Module workflow_case loaded in 0.09s, 95 queries (+95 other) 
2026-09-15 20:13:54,908 1 INFO workflow_witness odoo.modules.loading: Loading module spreadsheet_dashboard_stock_account (55/56) 
2026-09-15 20:13:54,921 1 INFO workflow_witness odoo.modules.loading: loading spreadsheet_dashboard_stock_account/data/dashboards.xml 
2026-09-15 20:13:54,972 1 INFO workflow_witness odoo.addons.base.models.ir_module: module spreadsheet_dashboard_stock_account: loading translation file /usr/lib/python3/dist-packages/odoo/addons/spreadsheet_dashboard_stock_account/i18n/fr.po for language fr_FR 
2026-09-15 20:13:54,980 1 INFO workflow_witness odoo.modules.loading: Module spreadsheet_dashboard_stock_account loaded in 0.07s, 33 queries (+33 other) 
2026-09-15 20:13:54,980 1 INFO workflow_witness odoo.modules.loading: Loading module workflow_oracle (56/56) 
2026-09-15 20:13:54,998 1 INFO workflow_witness odoo.addons.base.models.ir_module: module workflow_oracle: no translation for language fr_FR 
2026-09-15 20:13:55,015 1 INFO workflow_witness odoo.modules.loading: Module workflow_oracle loaded in 0.03s, 14 queries (+14 other) 
2026-09-15 20:13:55,015 1 INFO workflow_witness odoo.modules.loading: 56 modules loaded in 54.62s, 37448 queries (+37449 extra) 
2026-09-15 20:13:55,691 1 INFO workflow_witness odoo.modules.loading: Modules loaded. 
2026-09-15 20:13:57,004 1 INFO workflow_witness odoo.registry: Registry changed, signaling through the database 
2026-09-15 20:13:57,004 1 INFO workflow_witness odoo.registry: Registry loaded in 68.305s 
2026-09-15 20:13:57,005 1 INFO workflow_witness odoo.service.server: Starting post tests 
2026-09-15 20:13:57,040 1 INFO workflow_witness odoo.addons.base.models.ir_qweb: Pregenerating assets bundles 
2026-09-15 20:13:57,579 1 INFO workflow_witness odoo.addons.base.models.assetsbundle: Generating a new asset bundle attachment /web/assets/1b64f44/api_doc.assets.min.js (id:512) 
2026-09-15 20:13:57,586 1 INFO workflow_witness odoo.addons.base.models.assetsbundle: Generating a new asset bundle attachment /web/assets/5f9240e/bus.websocket_worker_assets.min.js (id:513) 
2026-09-15 20:13:57,589 1 INFO workflow_witness odoo.addons.base.models.assetsbundle: Generating a new asset bundle attachment /web/assets/63ee1ff/html_editor.assets_history_diff.min.js (id:514) 
2026-09-15 20:13:57,594 1 INFO workflow_witness odoo.addons.base.models.assetsbundle: Generating a new asset bundle attachment /web/assets/9f73438/html_editor.assets_image_cropper.min.js (id:515) 
2026-09-15 20:13:57,639 1 INFO workflow_witness odoo.addons.base.models.assetsbundle: Generating a new asset bundle attachment /web/assets/0df50fa/mail.assets_discuss_public_test_tours.min.js (id:516) 
2026-09-15 20:13:57,645 1 INFO workflow_witness odoo.addons.base.models.assetsbundle: Generating a new asset bundle attachment /web/assets/c138aa5/mail.assets_lamejs.min.js (id:517) 
2026-09-15 20:13:57,700 1 INFO workflow_witness odoo.addons.base.models.assetsbundle: Generating a new asset bundle attachment /web/assets/571aab4/mail.assets_odoo_sfu.min.js (id:518) 
2026-09-15 20:13:58,425 1 INFO workflow_witness odoo.addons.base.models.assetsbundle: Generating a new asset bundle attachment /web/assets/d4403c3/mail.assets_public.min.js (id:519) 
2026-09-15 20:13:59,192 1 INFO workflow_witness odoo.addons.base.models.assetsbundle: Generating a new asset bundle attachment /web/assets/7696b32/portal.assets_chatter.min.js (id:520) 
2026-09-15 20:13:59,226 1 INFO workflow_witness odoo.addons.base.models.assetsbundle: Generating a new asset bundle attachment /web/assets/cf83e13/snailmail.report_assets_snailmail.min.js (id:521) 
2026-09-15 20:13:59,231 1 INFO workflow_witness odoo.addons.base.models.assetsbundle: Generating a new asset bundle attachment /web/assets/cf83e13/spreadsheet.assets_print.min.js (id:522) 
2026-09-15 20:13:59,495 1 INFO workflow_witness odoo.addons.base.models.assetsbundle: Generating a new asset bundle attachment /web/assets/99f59b1/spreadsheet.o_spreadsheet.min.js (id:523) 
2026-09-15 20:14:00,006 1 INFO workflow_witness odoo.addons.base.models.assetsbundle: Generating a new asset bundle attachment /web/assets/12e3467/spreadsheet.public_spreadsheet.min.js (id:524) 
2026-09-15 20:14:00,148 1 INFO workflow_witness odoo.addons.base.models.assetsbundle: Generating a new asset bundle attachment /web/assets/19c3e69/web.__assets_tests_call__.min.js (id:525) 
2026-09-15 20:14:00,163 1 INFO workflow_witness odoo.addons.base.models.assetsbundle: Generating a new asset bundle attachment /web/assets/bd39c8f/web._assets_jquery.min.js (id:526) 
2026-09-15 20:14:00,176 1 INFO workflow_witness odoo.addons.base.models.assetsbundle: Generating a new asset bundle attachment /web/assets/4bcc693/web.ace_lib.min.js (id:527) 
2026-09-15 20:14:00,189 1 INFO workflow_witness odoo.addons.base.models.assetsbundle: Generating a new asset bundle attachment /web/assets/e672eaf/web.assets_clickbot.min.js (id:528) 
2026-09-15 20:14:00,324 1 INFO workflow_witness odoo.addons.base.models.assetsbundle: Generating a new asset bundle attachment /web/assets/c97da82/web.assets_emoji.min.js (id:529) 
2026-09-15 20:14:00,667 1 INFO workflow_witness odoo.addons.base.models.assetsbundle: Generating a new asset bundle attachment /web/assets/0122c94/web.assets_frontend_lazy.min.js (id:530) 
2026-09-15 20:14:00,677 1 INFO workflow_witness odoo.addons.base.models.assetsbundle: Generating a new asset bundle attachment /web/assets/10d8e96/web.assets_frontend_minimal.min.js (id:531) 
2026-09-15 20:14:00,784 1 INFO workflow_witness odoo.addons.base.models.assetsbundle: Generating a new asset bundle attachment /web/assets/5222b63/web.assets_tests.min.js (id:532) 
2026-09-15 20:14:03,371 1 INFO workflow_witness odoo.addons.base.models.assetsbundle: Generating a new asset bundle attachment /web/assets/cdb1888/web.assets_unit_tests.min.js (id:533) 
2026-09-15 20:14:04,834 1 INFO workflow_witness odoo.addons.base.models.assetsbundle: Generating a new asset bundle attachment /web/assets/fa6a4da/web.assets_unit_tests_setup.min.js (id:534) 
2026-09-15 20:14:06,070 1 INFO workflow_witness odoo.addons.base.models.assetsbundle: Generating a new asset bundle attachment /web/assets/ba6d3dc/web.assets_web.min.js (id:535) 
2026-09-15 20:14:06,088 1 INFO workflow_witness odoo.addons.base.models.assetsbundle: Generating a new asset bundle attachment /web/assets/c734373/web.chartjs_lib.min.js (id:536) 
2026-09-15 20:14:06,116 1 INFO workflow_witness odoo.addons.base.models.assetsbundle: Generating a new asset bundle attachment /web/assets/ea18231/web.fullcalendar_lib.min.js (id:537) 
2026-09-15 20:14:06,152 1 INFO workflow_witness odoo.addons.base.models.assetsbundle: Generating a new asset bundle attachment /web/assets/0fefbae/web.qunit_suite_tests.min.js (id:538) 
2026-09-15 20:14:06,216 1 INFO workflow_witness odoo.addons.base.models.assetsbundle: Generating a new asset bundle attachment /web/assets/8b0af72/web.report_assets_common.min.js (id:539) 
2026-09-15 20:14:06,221 1 INFO workflow_witness odoo.addons.base.models.assetsbundle: Generating a new asset bundle attachment /web/assets/cf83e13/web.report_assets_pdf.min.js (id:540) 
2026-09-15 20:14:07,846 1 INFO workflow_witness odoo.addons.base.models.assetsbundle: Generating a new asset bundle attachment /web/assets/eede308/web.tests_assets.min.js (id:541) 
2026-09-15 20:14:07,896 1 INFO workflow_witness odoo.addons.base.models.assetsbundle: Generating a new asset bundle attachment /web/assets/c9c387d/web_tour.interactive.min.js (id:542) 
2026-09-15 20:14:07,897 1 INFO workflow_witness odoo.addons.base.models.ir_qweb: JS Assets bundles generated in 10.361915111541748 seconds 
2026-09-15 20:14:08,207 1 INFO workflow_witness odoo.addons.base.models.assetsbundle: Generating a new asset bundle attachment /web/assets/1145037/api_doc.assets.min.css (id:543) 
2026-09-15 20:14:08,208 1 INFO workflow_witness odoo.addons.base.models.assetsbundle: Generating a new asset bundle attachment /web/assets/cf83e13/bus.websocket_worker_assets.min.css (id:544) 
2026-09-15 20:14:08,212 1 INFO workflow_witness odoo.addons.base.models.assetsbundle: Generating a new asset bundle attachment /web/assets/f483e76/html_editor.assets_history_diff.min.css (id:545) 
2026-09-15 20:14:08,215 1 INFO workflow_witness odoo.addons.base.models.assetsbundle: Generating a new asset bundle attachment /web/assets/491d521/html_editor.assets_image_cropper.min.css (id:546) 
2026-09-15 20:14:08,216 1 INFO workflow_witness odoo.addons.base.models.assetsbundle: Generating a new asset bundle attachment /web/assets/cf83e13/mail.assets_discuss_public_test_tours.min.css (id:547) 
2026-09-15 20:14:08,218 1 INFO workflow_witness odoo.addons.base.models.assetsbundle: Generating a new asset bundle attachment /web/assets/cf83e13/mail.assets_lamejs.min.css (id:548) 
2026-09-15 20:14:08,219 1 INFO workflow_witness odoo.addons.base.models.assetsbundle: Generating a new asset bundle attachment /web/assets/cf83e13/mail.assets_odoo_sfu.min.css (id:549) 
2026-09-15 20:14:09,061 1 INFO workflow_witness odoo.addons.base.models.assetsbundle: Generating a new asset bundle attachment /web/assets/abf8dff/mail.assets_public.min.css (id:550) 
2026-09-15 20:14:09,120 1 INFO workflow_witness odoo.addons.base.models.assetsbundle: Generating a new asset bundle attachment /web/assets/fa9ac1a/portal.assets_chatter.min.css (id:551) 
2026-09-15 20:14:09,155 1 INFO workflow_witness odoo.addons.base.models.assetsbundle: Generating a new asset bundle attachment /web/assets/2185194/snailmail.report_assets_snailmail.min.css (id:552) 
2026-09-15 20:14:09,163 1 INFO workflow_witness odoo.addons.base.models.assetsbundle: Generating a new asset bundle attachment /web/assets/eba1830/spreadsheet.assets_print.min.css (id:553) 
2026-09-15 20:14:09,168 1 INFO workflow_witness odoo.addons.base.models.assetsbundle: Generating a new asset bundle attachment /web/assets/cf83e13/spreadsheet.o_spreadsheet.min.css (id:554) 
2026-09-15 20:14:09,684 1 INFO workflow_witness odoo.addons.base.models.assetsbundle: Generating a new asset bundle attachment /web/assets/866bee6/spreadsheet.public_spreadsheet.min.css (id:555) 
2026-09-15 20:14:09,688 1 INFO workflow_witness odoo.addons.base.models.assetsbundle: Generating a new asset bundle attachment /web/assets/cf83e13/stock.assets_stock_print_report.min.css (id:556) 
2026-09-15 20:14:09,690 1 INFO workflow_witness odoo.addons.base.models.assetsbundle: Generating a new asset bundle attachment /web/assets/cf83e13/web.__assets_tests_call__.min.css (id:557) 
2026-09-15 20:14:09,692 1 INFO workflow_witness odoo.addons.base.models.assetsbundle: Generating a new asset bundle attachment /web/assets/cf83e13/web._assets_jquery.min.css (id:558) 
2026-09-15 20:14:09,694 1 INFO workflow_witness odoo.addons.base.models.assetsbundle: Generating a new asset bundle attachment /web/assets/cf83e13/web.ace_lib.min.css (id:559) 
2026-09-15 20:14:09,696 1 INFO workflow_witness odoo.addons.base.models.assetsbundle: Generating a new asset bundle attachment /web/assets/cf83e13/web.assets_clickbot.min.css (id:560) 
2026-09-15 20:14:09,698 1 INFO workflow_witness odoo.addons.base.models.assetsbundle: Generating a new asset bundle attachment /web/assets/cf83e13/web.assets_emoji.min.css (id:561) 
2026-09-15 20:14:10,458 1 INFO workflow_witness odoo.addons.base.models.assetsbundle: Generating a new asset bundle attachment /web/assets/b1ac628/web.assets_frontend.min.css (id:562) 
2026-09-15 20:14:11,114 1 INFO workflow_witness odoo.addons.base.models.assetsbundle: Generating a new asset bundle attachment /web/assets/b1ac628/web.assets_frontend_lazy.min.css (id:563) 
2026-09-15 20:14:11,116 1 INFO workflow_witness odoo.addons.base.models.assetsbundle: Generating a new asset bundle attachment /web/assets/cf83e13/web.assets_frontend_minimal.min.css (id:564) 
2026-09-15 20:14:11,118 1 INFO workflow_witness odoo.addons.base.models.assetsbundle: Generating a new asset bundle attachment /web/assets/cf83e13/web.assets_tests.min.css (id:565) 
2026-09-15 20:14:11,124 1 INFO workflow_witness odoo.addons.base.models.assetsbundle: Generating a new asset bundle attachment /web/assets/ba06368/web.assets_unit_tests.min.css (id:566) 
2026-09-15 20:14:11,954 1 INFO workflow_witness odoo.addons.base.models.assetsbundle: Generating a new asset bundle attachment /web/assets/ae527b3/web.assets_unit_tests_setup.min.css (id:567) 
2026-09-15 20:14:13,009 1 INFO workflow_witness odoo.addons.base.models.assetsbundle: Generating a new asset bundle attachment /web/assets/cf86c83/web.assets_web.min.css (id:568) 
2026-09-15 20:14:14,218 1 INFO workflow_witness odoo.addons.base.models.assetsbundle: Generating a new asset bundle attachment /web/assets/f0c1ed9/web.assets_web_dark.min.css (id:569) 
2026-09-15 20:14:15,450 1 INFO workflow_witness odoo.addons.base.models.assetsbundle: Generating a new asset bundle attachment /web/assets/27dcf42/web.assets_web_print.min.css (id:570) 
2026-09-15 20:14:15,454 1 INFO workflow_witness odoo.addons.base.models.assetsbundle: Generating a new asset bundle attachment /web/assets/cf83e13/web.chartjs_lib.min.css (id:571) 
2026-09-15 20:14:15,458 1 INFO workflow_witness odoo.addons.base.models.assetsbundle: Generating a new asset bundle attachment /web/assets/cf83e13/web.fullcalendar_lib.min.css (id:572) 
2026-09-15 20:14:15,462 1 INFO workflow_witness odoo.addons.base.models.assetsbundle: Generating a new asset bundle attachment /web/assets/cf83e13/web.qunit_suite_tests.min.css (id:573) 
2026-09-15 20:14:16,111 1 INFO workflow_witness odoo.addons.base.models.assetsbundle: Generating a new asset bundle attachment /web/assets/a52a3fb/web.report_assets_common.min.css (id:574) 
2026-09-15 20:14:16,115 1 INFO workflow_witness odoo.addons.base.models.assetsbundle: Generating a new asset bundle attachment /web/assets/da03401/web.report_assets_pdf.min.css (id:575) 
2026-09-15 20:14:17,001 1 INFO workflow_witness odoo.addons.base.models.assetsbundle: Generating a new asset bundle attachment /web/assets/e462256/web.tests_assets.min.css (id:576) 
2026-09-15 20:14:17,003 1 INFO workflow_witness odoo.addons.base.models.assetsbundle: Generating a new asset bundle attachment /web/assets/cf83e13/web_tour.interactive.min.css (id:577) 
2026-09-15 20:14:17,004 1 INFO workflow_witness odoo.addons.base.models.ir_qweb: CSS Assets bundles generated in 9.10690689086914 seconds 
2026-09-15 20:14:17,021 1 INFO workflow_witness odoo.addons.workflow_oracle.tests.test_workflows: Starting TestStockWorkflow.test_partial_then_cron_real_rights ... 
2026-09-15 20:14:17,141 1 INFO workflow_witness odoo.addons.auth_signup.models.res_users: Signup email sent for user <warehouse_lab> to <w.w@example.com> 
2026-09-15 20:14:17,248 1 INFO workflow_witness odoo.addons.auth_signup.models.res_users: Signup email sent for user <portal_lab> to <p.p@example.com> 
2026-09-15 20:14:17,867 1 INFO workflow_witness odoo.addons.base.models.ir_cron: Job 'Synthetic preparation' (20) starting 
2026-09-15 20:14:17,900 1 INFO workflow_witness odoo.tests.common: Simulating signal changes during tests 
2026-09-15 20:14:17,902 1 INFO workflow_witness odoo.addons.base.models.ir_cron: Job 'Synthetic preparation' (20) fully done (#loop 1; done 0; remaining 0; duration 0.04s) 
2026-09-15 20:14:17,922 1 INFO workflow_witness odoo.addons.base.models.ir_model: Access Denied by ACLs for operation: write, uid: 6, model: stock.picking 
2026-09-15 20:14:17,926 1 INFO workflow_witness odoo.addons.workflow_oracle.tests.test_workflows: WORKFLOW_PASS stock 
2026-09-15 20:14:17,952 1 INFO workflow_witness odoo.addons.base.models.ir_attachment: filestore gc 480 checked, 1 removed 
2026-09-15 20:14:20,345 1 INFO workflow_witness odoo.addons.workflow_oracle.tests.test_workflows: Starting TestInvoiceWorkflow.test_historical_invoice_pdf ... 
2026-09-15 20:14:20,979 1 INFO workflow_witness odoo.addons.base.models.ir_actions_report: Will use the Wkhtmltopdf binary at /usr/local/bin/wkhtmltopdf 
2026-09-15 20:14:20,994 1 INFO workflow_witness odoo.addons.base.models.ir_actions_report: Will use the Wkhtmltoimage binary at /usr/local/bin/wkhtmltoimage 
2026-09-15 20:14:21,473 1 INFO workflow_witness odoo.addons.base.models.ir_http: Generating routing map for key None 
2026-09-15 20:14:22,054 1 INFO workflow_witness odoo.addons.base.models.assetsbundle: Generating a new asset bundle attachment /web/assets/c2548be/web.report_assets_common.autoprefixed.min.css (id:599) 
2026-09-15 20:14:22,057 1 INFO workflow_witness werkzeug: 127.0.0.1 - - [15/Sep/2026 20:14:22] "GET /web/assets/c2548be/web.report_assets_common.autoprefixed.min.css HTTP/1.1" 200 - 16 0.019 0.566
2026-09-15 20:14:22,080 1 INFO workflow_witness odoo.addons.base.models.assetsbundle: Generating a new asset bundle attachment /web/assets/a5f4496/web.report_assets_pdf.autoprefixed.min.css (id:600) 
2026-09-15 20:14:22,085 1 INFO workflow_witness werkzeug: 127.0.0.1 - - [15/Sep/2026 20:14:22] "GET /web/assets/a5f4496/web.report_assets_pdf.autoprefixed.min.css HTTP/1.1" 200 - 10 0.007 0.588
2026-09-15 20:14:22,106 1 INFO ? werkzeug: 127.0.0.1 - - [15/Sep/2026 20:14:22] "GET /web/static/fonts/lato/Lato-Reg-webfont.woff HTTP/1.1" 200 - 0 0.000 0.005
2026-09-15 20:14:22,108 1 INFO ? werkzeug: 127.0.0.1 - - [15/Sep/2026 20:14:22] "GET /web/static/fonts/lato/Lato-Bol-webfont.woff HTTP/1.1" 200 - 0 0.000 0.003
2026-09-15 20:14:22,110 1 INFO ? werkzeug: 127.0.0.1 - - [15/Sep/2026 20:14:22] "GET /web/static/fonts/lato/Lato-Hai-webfont.woff HTTP/1.1" 200 - 0 0.000 0.007
2026-09-15 20:14:22,110 1 INFO ? werkzeug: 127.0.0.1 - - [15/Sep/2026 20:14:22] "GET /web/static/fonts/lato/Lato-Bla-webfont.woff HTTP/1.1" 200 - 0 0.000 0.005
2026-09-15 20:14:22,111 1 INFO ? werkzeug: 127.0.0.1 - - [15/Sep/2026 20:14:22] "GET /web/static/fonts/lato/Lato-Lig-webfont.woff HTTP/1.1" 200 - 0 0.000 0.008
2026-09-15 20:14:24,218 1 INFO workflow_witness odoo.addons.base.models.ir_actions_report: The PDF report has been generated for model: account.move, records [1]. 
2026-09-15 20:14:24,244 1 INFO workflow_witness odoo.addons.workflow_oracle.tests.test_workflows: WORKFLOW_PASS invoice_pdf 
2026-09-15 20:14:24,272 1 INFO workflow_witness odoo.addons.base.models.ir_attachment: filestore gc 4 checked, 4 removed 
2026-09-15 20:14:24,282 1 INFO workflow_witness odoo.addons.workflow_oracle.tests.test_workflows: Starting TestFormWorkflow.test_explicit_value_survives_browser ... 
2026-09-15 20:14:25,026 1 INFO workflow_witness odoo.addons.workflow_oracle.tests.test_workflows.TestFormWorkflow.test_explicit_value_survives_browser: Chrome pid: 24 
2026-09-15 20:14:25,027 1 INFO workflow_witness odoo.addons.workflow_oracle.tests.test_workflows.TestFormWorkflow.test_explicit_value_survives_browser: Chrome headless temporary user profile dir: /tmp/tmp_mw1mpfw_chrome_odoo 
2026-09-15 20:14:25,027 1 INFO workflow_witness odoo.addons.workflow_oracle.tests.test_workflows.TestFormWorkflow.test_explicit_value_survives_browser: Issuing json command http://127.0.0.1:38053/json/version 
2026-09-15 20:14:25,032 1 INFO workflow_witness odoo.tests.common.requests: request SplitResult(scheme='http', netloc='127.0.0.1:38053', path='/json/version', query='', fragment='') with timeout 3 increased to 10s during tests 
2026-09-15 20:14:25,090 1 INFO workflow_witness odoo.addons.workflow_oracle.tests.test_workflows.TestFormWorkflow.test_explicit_value_survives_browser: Browser version: Chrome/152.0.7977.75 
2026-09-15 20:14:25,091 1 INFO workflow_witness odoo.addons.workflow_oracle.tests.test_workflows.TestFormWorkflow.test_explicit_value_survives_browser: Issuing json command http://127.0.0.1:38053/json 
2026-09-15 20:14:25,092 1 INFO workflow_witness odoo.tests.common.requests: request SplitResult(scheme='http', netloc='127.0.0.1:38053', path='/json', query='', fragment='') with timeout 3 increased to 10s during tests 
2026-09-15 20:14:25,117 1 INFO workflow_witness odoo.addons.workflow_oracle.tests.test_workflows.TestFormWorkflow.test_explicit_value_survives_browser: Websocket url found: ws://127.0.0.1:38053/devtools/page/3813A384C7E4AF5DCF176CE8BB3B2E5F 
2026-09-15 20:14:25,128 1 INFO workflow_witness odoo.addons.workflow_oracle.tests.test_workflows.TestFormWorkflow.test_explicit_value_survives_browser: Enable chrome headless console log notification 
2026-09-15 20:14:25,138 1 INFO workflow_witness odoo.addons.workflow_oracle.tests.test_workflows.TestFormWorkflow.test_explicit_value_survives_browser: Chrome headless enable page notifications 
2026-09-15 20:14:25,215 1 INFO workflow_witness odoo.addons.base.models.res_users: Login successful for login:admin from n/a 
2026-09-15 20:14:25,222 1 INFO workflow_witness odoo.addons.workflow_oracle.tests.test_workflows.TestFormWorkflow.test_explicit_value_survives_browser: Setting session cookie in browser 
2026-09-15 20:14:25,223 1 INFO workflow_witness odoo.addons.workflow_oracle.tests.test_workflows.TestFormWorkflow.test_explicit_value_survives_browser: Open "http://127.0.0.1:8069/odoo/action-407/1" in browser 
2026-09-15 20:14:25,223 1 INFO workflow_witness odoo.addons.workflow_oracle.tests.test_workflows.TestFormWorkflow.test_explicit_value_survives_browser: Navigating to: "http://127.0.0.1:8069/odoo/action-407/1" 
2026-09-15 20:14:25,235 1 INFO workflow_witness odoo.addons.base.models.ir_http: Generating routing map for key None 
2026-09-15 20:14:26,377 1 INFO workflow_witness werkzeug: 127.0.0.1 - - [15/Sep/2026 20:14:26] "GET /odoo/action-407/1 HTTP/1.1" 200 - 133 0.150 0.992
2026-09-15 20:14:26,381 1 INFO workflow_witness odoo.addons.workflow_oracle.tests.test_workflows.TestFormWorkflow.test_explicit_value_survives_browser: Navigation result: {'frameId': '3813A384C7E4AF5DCF176CE8BB3B2E5F', 'loaderId': '039DCA5E67E70855DD3E1C3C34DD90CA', 'isDownload': False} 
2026-09-15 20:14:26,382 1 INFO workflow_witness odoo.addons.workflow_oracle.tests.test_workflows.TestFormWorkflow.test_explicit_value_survives_browser: Evaluate ready code "odoo.isReady === true" 
2026-09-15 20:14:26,438 1 INFO workflow_witness werkzeug: 127.0.0.1 - - [15/Sep/2026 20:14:26] "GET /web/assets/ba6d3dc/web.assets_web.min.js HTTP/1.1" 200 - 2 0.001 0.010
2026-09-15 20:14:26,475 1 INFO workflow_witness werkzeug: 127.0.0.1 - - [15/Sep/2026 20:14:26] "GET /web/webclient/load_menus HTTP/1.1" 200 - 16 0.012 0.034
2026-09-15 20:14:26,489 1 INFO workflow_witness werkzeug: 127.0.0.1 - - [15/Sep/2026 20:14:26] "GET /web/manifest.webmanifest HTTP/1.1" 200 - 7 0.005 0.053
2026-09-15 20:14:26,496 1 INFO workflow_witness werkzeug: 127.0.0.1 - - [15/Sep/2026 20:14:26] "GET /web/assets/cf86c83/web.assets_web.min.css HTTP/1.1" 200 - 2 0.001 0.065
2026-09-15 20:14:26,531 1 INFO workflow_witness werkzeug: 127.0.0.1 - - [15/Sep/2026 20:14:26] "GET /web/assets/5222b63/web.assets_tests.min.js HTTP/1.1" 200 - 2 0.001 0.007
2026-09-15 20:14:26,552 1 INFO workflow_witness werkzeug: 127.0.0.1 - - [15/Sep/2026 20:14:26] "GET /web/assets/27dcf42/web.assets_web_print.min.css HTTP/1.1" 200 - 2 0.001 0.004
2026-09-15 20:14:26,925 1 INFO ? werkzeug: 127.0.0.1 - - [15/Sep/2026 20:14:26] "GET /web/static/img/favicon.ico HTTP/1.1" 200 - 0 0.000 0.004
2026-09-15 20:14:26,929 1 INFO ? werkzeug: 127.0.0.1 - - [15/Sep/2026 20:14:26] "GET /web/static/img/odoo-icon-192x192.png HTTP/1.1" 200 - 0 0.000 0.007
2026-09-15 20:14:28,614 1 INFO workflow_witness werkzeug: 127.0.0.1 - - [15/Sep/2026 20:14:28] "GET /web/webclient/translations?hash=&lang=fr_FR HTTP/1.1" 200 - 1 0.001 1.648
2026-09-15 20:14:28,684 1 INFO workflow_witness odoo.addons.partner_autocomplete.models.res_company: Starting enrich of company My Company (1) 
2026-09-15 20:14:28,732 1 INFO workflow_witness werkzeug: 127.0.0.1 - - [15/Sep/2026 20:14:28] "POST /web/dataset/call_kw/res.company/iap_enrich_auto#res.company.iap_enrich_auto HTTP/1.1" 200 - 28 0.030 0.046
2026-09-15 20:14:28,740 1 INFO workflow_witness werkzeug: 127.0.0.1 - - [15/Sep/2026 20:14:28] "GET /web/bundle/web_tour.interactive?lang=fr_FR HTTP/1.1" 200 - 2 0.001 0.056
2026-09-15 20:14:28,754 1 INFO workflow_witness odoo.addons.workflow_oracle.tests.test_workflows.TestFormWorkflow.test_explicit_value_survives_browser.browser: Owl is running in 'dev' mode. 
2026-09-15 20:14:28,754 1 INFO workflow_witness werkzeug: 127.0.0.1 - - [15/Sep/2026 20:14:28] "GET /bus/websocket_worker_bundle?v=19.0-2 HTTP/1.1" 200 - 3 0.003 0.063
2026-09-15 20:14:28,770 1 INFO workflow_witness werkzeug: 127.0.0.1 - - [15/Sep/2026 20:14:28] "GET /web/service-worker.js HTTP/1.1" 200 - 0 0.000 0.002
2026-09-15 20:14:28,786 1 INFO ? werkzeug: 127.0.0.1 - - [15/Sep/2026 20:14:28] "GET /mail/static/lib/idb-keyval/idb-keyval.js HTTP/1.1" 200 - 0 0.000 0.002
2026-09-15 20:14:28,840 1 INFO workflow_witness werkzeug: 127.0.0.1 - - [15/Sep/2026 20:14:28] "GET /odoo HTTP/1.1" 200 - 23 0.016 0.033
2026-09-15 20:14:28,864 1 INFO workflow_witness werkzeug: 127.0.0.1 - - [15/Sep/2026 20:14:28] "GET /odoo/offline HTTP/1.1" 200 - 5 0.005 0.061
2026-09-15 20:14:28,942 1 INFO workflow_witness odoo.addons.workflow_oracle.tests.test_workflows.TestFormWorkflow.test_explicit_value_survives_browser: The ready code tooks too much time : 2.56076717376709 
2026-09-15 20:14:28,944 1 INFO workflow_witness odoo.addons.workflow_oracle.tests.test_workflows.TestFormWorkflow.test_explicit_value_survives_browser: Evaluate test code "
        (async () => {
          const wait = async f => {for (let i=0;i<200;i++) {if(f()) return f(); await new Promise(r=>setTimeout(r,100));} throw Error('Expected form state missing');};
          const input = await wait(()=>document.querySelector('.o_field_widget[name="suggestion"] input'));
          input.value='9'; input.dispatchEvent(new Event('input',{bubbles:true})); input.dispatchEvent(new Event('change',{bubbles:true})); input.blur();
          await new Promise(r=>setTimeout(r,700));
          const quantity = document.querySelector('.o_field_widget[name="quantity"] input');
          if (quantity.value !== '7') throw Error('WORKFLOW_FORM_EXPLICIT_VALUE '+quantity.value);
          document.querySelector('button[name="action_confirm"]').click();
          await wait(()=>document.querySelector('.o_statusbar_status button[data-value="confirmed"].o_arrow_button_current'));
          console.log('WORKFLOW_BROWSER_REAL_CLICK'); console.log('test successful');
        })().catch(e=>console.error(e));
        " 
2026-09-15 20:14:28,960 1 INFO workflow_witness werkzeug: 127.0.0.1 - - [15/Sep/2026 20:14:28] "GET /web/image?model=res.users&field=avatar_128&id=2 HTTP/1.1" 200 - 14 0.019 0.037
2026-09-15 20:14:28,975 1 INFO ? werkzeug: 127.0.0.1 - - [15/Sep/2026 20:14:28] "GET /web/static/lib/odoo_ui_icons/fonts/odoo_ui_icons.woff2 HTTP/1.1" 200 - 0 0.000 0.022
2026-09-15 20:14:28,984 1 INFO ? werkzeug: 127.0.0.1 - - [15/Sep/2026 20:14:28] "GET /web/static/src/libs/fontawesome/fonts/fontawesome-webfont.woff2?v=4.7.0 HTTP/1.1" 200 - 0 0.000 0.020
2026-09-15 20:14:29,003 1 INFO workflow_witness werkzeug: 127.0.0.1 - - [15/Sep/2026 20:14:29] "POST /web/action/load HTTP/1.1" 200 - 8 0.018 0.079
2026-09-15 20:14:29,035 1 INFO workflow_witness werkzeug: 127.0.0.1 - - [15/Sep/2026 20:14:29] "GET /web/image/res.partner/3/avatar_128?unique=1789503226000 HTTP/1.1" 200 - 6 0.009 0.121
2026-09-15 20:14:29,107 1 INFO workflow_witness werkzeug: 127.0.0.1 - - [15/Sep/2026 20:14:29] "POST /mail/data HTTP/1.1" 200 - 26 0.032 0.107
2026-09-15 20:14:29,124 1 INFO workflow_witness werkzeug: 127.0.0.1 - - [15/Sep/2026 20:14:29] "GET /web/assets/c9c387d/web_tour.interactive.min.js HTTP/1.1" 200 - 2 0.003 0.151
2026-09-15 20:14:29,147 1 INFO workflow_witness odoo.addons.workflow_oracle.tests.test_workflows.TestFormWorkflow.test_explicit_value_survives_browser.browser: click .o_app[data-menu-xmlid="account.menu_finance"] 
2026-09-15 20:14:29,216 1 INFO workflow_witness werkzeug: 127.0.0.1 - - [15/Sep/2026 20:14:29] "POST /web/dataset/call_kw/lab.workflow.form/get_views#lab.workflow.form.get_views HTTP/1.1" 200 - 20 0.042 0.146
2026-09-15 20:14:29,221 1 INFO workflow_witness werkzeug: 127.0.0.1 - - [15/Sep/2026 20:14:29] "GET /websocket?version=19.0-2 HTTP/1.1" 101 - 0 0.000 0.236
2026-09-15 20:14:29,268 1 INFO workflow_witness werkzeug: 127.0.0.1 - - [15/Sep/2026 20:14:29] "POST /web/dataset/call_kw/lab.workflow.form/web_read#lab.workflow.form.web_read HTTP/1.1" 200 - 2 0.001 0.004
2026-09-15 20:14:29,391 1 INFO workflow_witness werkzeug: 127.0.0.1 - - [15/Sep/2026 20:14:29] "POST /web/dataset/call_kw/lab.workflow.form/onchange#lab.workflow.form.onchange HTTP/1.1" 200 - 2 0.001 0.004
2026-09-15 20:14:29,574 1 INFO ? odoo.addons.bus.models.bus: Bus.loop listen imbus on db postgres 
2026-09-15 20:14:29,696 1 INFO workflow_witness werkzeug: 127.0.0.1 - - [15/Sep/2026 20:14:29] "POST /mail/data HTTP/1.1" 200 - 37 0.028 0.050
2026-09-15 20:14:29,755 1 INFO workflow_witness werkzeug: 127.0.0.1 - - [15/Sep/2026 20:14:29] "POST /web/dataset/call_kw/discuss.channel/channel_fetched#discuss.channel.channel_fetched HTTP/1.1" 200 - 9 0.008 0.027
2026-09-15 20:14:30,102 1 INFO workflow_witness werkzeug: 127.0.0.1 - - [15/Sep/2026 20:14:30] "POST /web/dataset/call_kw/lab.workflow.form/web_save#lab.workflow.form.web_save HTTP/1.1" 200 - 2 0.002 0.008
2026-09-15 20:14:30,128 1 INFO workflow_witness werkzeug: 127.0.0.1 - - [15/Sep/2026 20:14:30] "POST /web/dataset/call_button/lab.workflow.form/action_confirm#lab.workflow.form.action_confirm HTTP/1.1" 200 - 1 0.001 0.004
2026-09-15 20:14:30,143 1 INFO workflow_witness werkzeug: 127.0.0.1 - - [15/Sep/2026 20:14:30] "POST /web/dataset/call_kw/lab.workflow.form/web_read#lab.workflow.form.web_read HTTP/1.1" 200 - 1 0.001 0.005
2026-09-15 20:14:30,181 1 INFO workflow_witness odoo.addons.workflow_oracle.tests.test_workflows.TestFormWorkflow.test_explicit_value_survives_browser.browser: WORKFLOW_BROWSER_REAL_CLICK 
2026-09-15 20:14:30,181 1 INFO workflow_witness odoo.addons.workflow_oracle.tests.test_workflows.TestFormWorkflow.test_explicit_value_survives_browser.browser: test successful 
2026-09-15 20:14:30,271 1 INFO workflow_witness odoo.addons.workflow_oracle.tests.test_workflows.TestFormWorkflow.test_explicit_value_survives_browser.browser: heap 16292968 (allocated 17657856) 
2026-09-15 20:14:30,274 1 INFO workflow_witness odoo.addons.workflow_oracle.tests.test_workflows.TestFormWorkflow.test_explicit_value_survives_browser: Closing chrome headless with pid 24 
2026-09-15 20:14:30,280 1 INFO workflow_witness odoo.addons.workflow_oracle.tests.test_workflows.TestFormWorkflow.test_explicit_value_survives_browser: Closing websocket connection 
2026-09-15 20:14:30,283 1 INFO workflow_witness odoo.addons.workflow_oracle.tests.test_workflows.TestFormWorkflow.test_explicit_value_survives_browser: Terminating chrome headless with pid 24 
2026-09-15 20:14:30,396 1 INFO workflow_witness odoo.addons.workflow_oracle.tests.test_workflows.TestFormWorkflow.test_explicit_value_survives_browser: Chrome Log in: /tmp/odoo_tests/workflow_witness/chrome_logs/chrome_log_20260915_201430_395711_test_explicit_value_survives_browser.txt 
2026-09-15 20:14:30,397 1 INFO workflow_witness odoo.addons.workflow_oracle.tests.test_workflows.TestFormWorkflow.test_explicit_value_survives_browser: Removing chrome user profile "/tmp/tmp_mw1mpfw_chrome_odoo" 
2026-09-15 20:14:30,407 1 INFO workflow_witness odoo.addons.workflow_oracle.tests.test_workflows: WORKFLOW_PASS browser_form 
2026-09-15 20:14:30,415 1 INFO workflow_witness odoo.addons.base.models.ir_attachment: filestore gc 0 checked, 0 removed 
2026-09-15 20:14:30,416 1 WARNING workflow_witness odoo.tests.common: A child process was found, terminating it: psutil.Process(pid=32, name='chrome_crashpad', status='zombie', started='20:14:24') 
2026-09-15 20:14:30,416 1 WARNING workflow_witness odoo.tests.common: A child process was found, terminating it: psutil.Process(pid=34, name='chrome_crashpad', status='zombie', started='20:14:24') 
2026-09-15 20:14:30,416 1 INFO workflow_witness odoo.service.server: 3 post-tests in 33.41s, 4532 queries 
2026-09-15 20:14:30,417 1 INFO workflow_witness odoo.tests.stats: workflow_oracle: 9 tests 13.40s 4078 queries 
2026-09-15 20:14:30,417 1 INFO workflow_witness odoo.tests.result: 0 failed, 0 error(s) of 3 tests when loading database 'workflow_witness' 
2026-09-15 20:14:30,417 1 INFO workflow_witness odoo.service.server: Initiating shutdown 
2026-09-15 20:14:30,417 1 INFO workflow_witness odoo.service.server: Hit CTRL-C again or send a second signal to force the shutdown. 
2026-09-15 20:14:30,639 1 INFO workflow_witness odoo.sql_db: ConnectionPool(read/write;used=0/count=0/max=64): Closed 2 connections  
